LP.,Data,Typ instrumentu,Nazwa,ISIN,Kurs otwarcia,Kurs maksymalny,Kurs minimalny,Kurs zamkniecia,Zmiana,Wolumen obrotu,Liczba transakcji,Wartosc obrotu w tys. zl,Liczba otwartych pozycji,Wartosc otwartych pozycji w mln zl,Cena nominalna obligacji,Waluta
1,1997-07-04,10,KGHM,PLKGHM000017,0,0,0,0,0,0,0,0,0,0,0,
2,1997-07-10,10,KGHM,PLKGHM000017,0,0,0,23.5,0,2462896,0,115756.11,0,0,0,
3,1997-07-11,10,KGHM,PLKGHM000017,0,0,0,24,2,1557823,0,74775.5,0,0,0,
4,1997-07-14,10,KGHM,PLKGHM000017,0,0,0,21.6,-10,398338,0,17208.2,0,0,0,
5,1997-07-15,10,KGHM,PLKGHM000017,0,0,0,19.5,-10,832433,0,32464.89,0,0,0,
6,1997-07-16,10,KGHM,PLKGHM000017,0,0,0,21.4,10,570776,0,24429.21,0,0,0,
7,1997-07-17,10,KGHM,PLKGHM000017,0,0,0,21.8,2,769327,64,629.48,0,0,0,
8,1997-07-18,10,KGHM,PLKGHM000017,0,0,0,21.5,-1,267499,39,794.6,0,0,0,
9,1997-07-21,10,KGHM,PLKGHM000017,0,0,0,21.5,0,366017,35,835.1,0,0,0,
10,1997-07-22,10,KGHM,PLKGHM000017,0,0,0,21.5,0,237308,25,8849.74,0,0,0,
11,1997-07-23,10,KGHM,PLKGHM000017,0,0,0,21.7,1,203500,27,8094.1,0,0,0,
12,1997-07-24,10,KGHM,PLKGHM000017,0,0,0,21.5,-1,248015,19,991.6,0,0,0,
13,1997-07-25,10,KGHM,PLKGHM000017,0,0,0,21.4,-1,197958,23,8055.3,0,0,0,
14,1997-07-28,10,KGHM,PLKGHM000017,0,0,0,21,-2,206335,23,7542.57,0,0,0,
15,1997-07-29,10,KGHM,PLKGHM000017,0,0,0,20.5,-2,118095,16,4554.9,0,0,0,
16,1997-07-30,10,KGHM,PLKGHM000017,0,0,0,20.8,2,131624,26,909,0,0,0,
17,1997-07-31,10,KGHM,PLKGHM000017,0,0,0,21.2,2,130896,22,561.8,0,0,0,
18,1997-08-01,10,KGHM,PLKGHM000017,0,0,0,20.8,-2,97680,22,388.35,0,0,0,
19,1997-08-04,10,KGHM,PLKGHM000017,0,0,0,21,1,138546,25,929.65,0,0,0,
20,1997-08-05,10,KGHM,PLKGHM000017,0,0,0,21.2,1,204863,43,7498.99,0,0,0,
21,1997-08-06,10,KGHM,PLKGHM000017,0,0,0,21.5,1,149767,31,659.55,0,0,0,
22,1997-08-07,10,KGHM,PLKGHM000017,0,0,0,21.4,-1,187387,108,4585.46,0,0,0,
23,1997-08-08,10,KGHM,PLKGHM000017,0,0,0,22.4,5,370895,109,3398.6,0,0,0,
24,1997-08-11,10,KGHM,PLKGHM000017,0,0,0,23,3,266607,87,2141.7,0,0,0,
25,1997-08-12,10,KGHM,PLKGHM000017,0,0,0,22.3,-3,220432,101,7434.02,0,0,0,
26,1997-08-13,10,KGHM,PLKGHM000017,0,0,0,23,3,308956,36,600.45,0,0,0,
27,1997-08-14,10,KGHM,PLKGHM000017,0,0,0,22.2,-4,128114,52,656.03,0,0,0,
28,1997-08-18,10,KGHM,PLKGHM000017,0,0,0,21.9,-1,123164,20,5109.88,0,0,0,
29,1997-08-19,10,KGHM,PLKGHM000017,0,0,0,22.2,1,230421,109,8077.29,0,0,0,
30,1997-08-20,10,KGHM,PLKGHM000017,0,0,0,22.8,3,225878,33,9559.04,0,0,0,
31,1997-08-21,10,KGHM,PLKGHM000017,0,0,0,22,-4,78280,26,546.6,0,0,0,
32,1997-08-22,10,KGHM,PLKGHM000017,0,0,0,21.7,-1,75012,36,849.35,0,0,0,
33,1997-08-25,10,KGHM,PLKGHM000017,0,0,0,21.8,1,70254,53,886.15,0,0,0,
34,1997-08-26,10,KGHM,PLKGHM000017,0,0,0,21.5,-1,81948,24,392.2,0,0,0,
35,1997-08-27,10,KGHM,PLKGHM000017,0,0,0,21.7,0.9,77024,16,3114.99,0,0,0,
36,1997-08-28,10,KGHM,PLKGHM000017,0,0,0,22.3,2.8,306653,1177,2648.9,0,0,0,
37,1997-08-29,10,KGHM,PLKGHM000017,0,0,0,22.5,0.9,328145,1555,704.95,0,0,0,
38,1997-09-01,10,KGHM,PLKGHM000017,0,0,0,22.1,-1.8,87248,18,3535.91,0,0,0,
39,1997-09-02,10,KGHM,PLKGHM000017,0,0,0,22.5,1.8,202919,1141,6971.36,0,0,0,
40,1997-09-03,10,KGHM,PLKGHM000017,0,0,0,22.8,1.3,387980,1635,4179.3,0,0,0,
41,1997-09-04,10,KGHM,PLKGHM000017,0,0,0,22.8,0,202158,1258,8500.2,0,0,0,
42,1997-09-05,10,KGHM,PLKGHM000017,0,0,0,22.5,-1.3,174059,803,5751.41,0,0,0,
43,1997-09-08,10,KGHM,PLKGHM000017,0,0,0,22.6,0.4,68979,620,901,0,0,0,
44,1997-09-09,10,KGHM,PLKGHM000017,0,0,0,22.3,-1.3,132562,726,862.3,0,0,0,
45,1997-09-10,10,KGHM,PLKGHM000017,0,0,0,22.3,0,129187,811,741,0,0,0,
46,1997-09-11,10,KGHM,PLKGHM000017,0,0,0,22.1,-0.9,130417,45,596.45,0,0,0,
47,1997-09-12,10,KGHM,PLKGHM000017,0,0,0,22.3,0.9,117810,850,638.85,0,0,0,
48,1997-09-15,10,KGHM,PLKGHM000017,0,0,0,22.2,-0.4,105231,727,537.45,0,0,0,
49,1997-09-16,10,KGHM,PLKGHM000017,0,0,0,22.2,0,116901,851,4724.2,0,0,0,
50,1997-09-17,10,KGHM,PLKGHM000017,0,0,0,21.9,-1.4,126415,752,891.45,0,0,0,
51,1997-09-18,10,KGHM,PLKGHM000017,0,0,0,21.6,-1.4,183864,801,803.4,0,0,0,
52,1997-09-19,10,KGHM,PLKGHM000017,0,0,0,22.5,4.2,468130,1672,4872.3,0,0,0,
53,1997-09-22,10,KGHM,PLKGHM000017,0,0,0,23,2.2,294436,3103,924.75,0,0,0,
54,1997-09-23,10,KGHM,PLKGHM000017,0,0,0,22.7,-1.3,200482,1051,7853.38,0,0,0,
55,1997-09-24,10,KGHM,PLKGHM000017,0,0,0,22.1,-2.6,142612,750,726.75,0,0,0,
56,1997-09-25,10,KGHM,PLKGHM000017,0,0,0,21.9,-0.9,210256,739,6022.76,0,0,0,
57,1997-09-26,10,KGHM,PLKGHM000017,0,0,0,21.6,-1.4,185060,728,6763.39,0,0,0,
58,1997-09-29,10,KGHM,PLKGHM000017,0,0,0,21.7,0.5,148542,644,860.25,0,0,0,
59,1997-09-30,10,KGHM,PLKGHM000017,0,0,0,22.1,1.8,133590,815,830.7,0,0,0,
60,1997-10-01,10,KGHM,PLKGHM000017,0,0,0,22,-0.5,232401,965,864.65,0,0,0,
61,1997-10-02,10,KGHM,PLKGHM000017,0,0,0,22,-0.5,183920,1039,6960.7,0,0,0,
62,1997-10-03,10,KGHM,PLKGHM000017,0,0,0,22,0.5,485179,2106,694.08,0,0,0,
63,1997-10-06,10,KGHM,PLKGHM000017,0,0,0,22,0,506864,2576,2781.7,0,0,0,
64,1997-10-07,10,KGHM,PLKGHM000017,0,0,0,22,0,495579,3295,3417.55,0,0,0,
65,1997-10-08,10,KGHM,PLKGHM000017,0,0,0,22.7,3.2,783773,235,7828.35,0,0,0,
66,1997-10-09,10,KGHM,PLKGHM000017,0,0,0,23,1.3,766035,5418,3809.9,0,0,0,
67,1997-10-10,10,KGHM,PLKGHM000017,0,0,0,22.6,-1.7,378592,1249,853.53,0,0,0,
68,1997-10-13,10,KGHM,PLKGHM000017,0,0,0,22.6,0,67000,126,3080.05,0,0,0,
69,1997-10-14,10,KGHM,PLKGHM000017,0,0,0,23,0.9,398417,1982,2533.5,0,0,0,
70,1997-10-15,10,KGHM,PLKGHM000017,0,0,0,23.3,1.3,593994,1981,3885.45,0,0,0,
71,1997-10-16,10,KGHM,PLKGHM000017,0,0,0,23.5,0.9,368432,1971,2689.55,0,0,0,
72,1997-10-17,10,KGHM,PLKGHM000017,0,0,0,23.3,-0.9,410148,1198,4433.25,0,0,0,
73,1997-10-20,10,KGHM,PLKGHM000017,0,0,0,23.6,1.3,597967,1676,906.8,0,0,0,
74,1997-10-21,10,KGHM,PLKGHM000017,0,0,0,23.9,1.3,513561,1649,8147.65,0,0,0,
75,1997-10-22,10,KGHM,PLKGHM000017,0,0,0,24.5,2.5,588953,2996,6208.9,0,0,0,
76,1997-10-23,10,KGHM,PLKGHM000017,23.9,23.9,23.5,24.4,-0.4,1089861,1847,9026.68,0,0,0,
77,1997-10-24,10,KGHM,PLKGHM000017,23.6,23.8,23.5,23.4,-4.1,601038,1743,5406.55,0,0,0,
78,1997-10-27,10,KGHM,PLKGHM000017,22.2,22.3,21.8,22.2,-5.1,627814,1481,7659.25,0,0,0,
79,1997-10-28,10,KGHM,PLKGHM000017,18.1,18.6,18,20,-9.9,229000,338,8379.3,0,0,0,
80,1997-10-29,10,KGHM,PLKGHM000017,21.3,21.4,20.5,21.8,9,704971,330,8002.3,0,0,0,
81,1997-10-30,10,KGHM,PLKGHM000017,20.3,20.4,20,20.7,-5,654355,1789,8633.4,0,0,0,
82,1997-10-31,10,KGHM,PLKGHM000017,20.7,20.8,20.5,20.6,-0.5,773474,1229,3377.7,0,0,0,
83,1997-11-03,10,KGHM,PLKGHM000017,20.9,21.1,20.8,20.7,0.5,457607,1030,3177.7,0,0,0,
84,1997-11-04,10,KGHM,PLKGHM000017,20.2,20.5,20.1,20.3,-1.9,511777,1123,3704.65,0,0,0,
85,1997-11-05,10,KGHM,PLKGHM000017,20.1,20.1,19.9,20,-1.5,470461,74,543.5,0,0,0,
86,1997-11-06,10,KGHM,PLKGHM000017,20.1,20.2,20.1,20.3,1.5,268751,650,9835.39,0,0,0,
87,1997-11-07,10,KGHM,PLKGHM000017,19.7,19.8,19.3,19.8,-2.5,336337,1001,7141.35,0,0,0,
88,1997-11-12,10,KGHM,PLKGHM000017,18.9,18.9,18,19.5,-1.5,386608,1203,8188.2,0,0,0,
89,1997-11-13,10,KGHM,PLKGHM000017,17.7,18,17.5,17.8,-8.7,660162,1383,7756.9,0,0,0,
90,1997-11-14,10,KGHM,PLKGHM000017,0,0,0,18.3,2.8,487370,1233,4941.35,0,0,0,
91,1997-11-17,10,KGHM,PLKGHM000017,18.6,19,18.5,18.9,3.3,459533,194,6806.45,0,0,0,
92,1997-11-18,10,KGHM,PLKGHM000017,18.8,18.8,18.6,19,0.5,402868,1004,871.45,0,0,0,
93,1997-11-19,10,KGHM,PLKGHM000017,17.9,18,17.6,17.6,-7.4,332214,785,6422.73,0,0,0,
94,1997-11-20,10,KGHM,PLKGHM000017,17.6,17.6,17.3,17.6,0,260772,112,6222.37,0,0,0,
95,1997-11-21,10,KGHM,PLKGHM000017,18.1,18.1,17.7,18.1,2.8,305659,582,6567.01,0,0,0,
96,1997-11-24,10,KGHM,PLKGHM000017,16.5,16.6,15.9,16.3,-9.9,605131,1016,8087.35,0,0,0,
97,1997-11-25,10,KGHM,PLKGHM000017,15.7,15.9,15.7,15.8,-3.1,538416,1472,2364.6,0,0,0,
98,1997-11-26,10,KGHM,PLKGHM000017,15.7,15.7,15.3,15.9,0.6,423255,1115,8983.66,0,0,0,
99,1997-11-27,10,KGHM,PLKGHM000017,15.4,15.4,14.9,15.7,-1.3,500707,1085,9159.6,0,0,0,
100,1997-11-28,10,KGHM,PLKGHM000017,14.8,15,14.6,15.2,-3.2,502798,1021,3059.15,0,0,0,
101,1997-12-01,10,KGHM,PLKGHM000017,15.8,15.9,15.6,15.6,2.6,560315,820,5103,0,0,0,
102,1997-12-02,10,KGHM,PLKGHM000017,0,0,0,15.8,1.3,326108,1286,857.13,0,0,0,
103,1997-12-03,10,KGHM,PLKGHM000017,15.4,15.4,15.1,15.5,-1.9,227213,886,4951.1,0,0,0,
104,1997-12-04,10,KGHM,PLKGHM000017,15.5,15.5,15.1,15.2,-1.9,463629,711,3912.35,0,0,0,
105,1997-12-05,10,KGHM,PLKGHM000017,14.8,14.8,14.6,15.1,-0.7,404700,1307,6876.54,0,0,0,
106,1997-12-08,10,KGHM,PLKGHM000017,14.7,14.7,14.4,14.8,-2,242468,960,4934.85,0,0,0,
107,1997-12-09,10,KGHM,PLKGHM000017,14.4,14.5,14.3,14.6,-1.4,206582,960,730.63,0,0,0,
108,1997-12-10,10,KGHM,PLKGHM000017,14.1,14.2,14,14.3,-2.1,235600,951,3749.46,0,0,0,
109,1997-12-11,10,KGHM,PLKGHM000017,13.4,13.4,12.9,13.3,-7,359756,1041,6370.86,0,0,0,
110,1997-12-12,10,KGHM,PLKGHM000017,12.9,13,12.9,12.9,-3,398265,104,8849.79,0,0,0,
111,1997-12-15,10,KGHM,PLKGHM000017,13.3,13.3,13,13.1,1.6,373428,926,6214.06,0,0,0,
112,1997-12-16,10,KGHM,PLKGHM000017,12.9,12.9,12.6,13.1,0,384131,961,7306.68,0,0,0,
113,1997-12-17,10,KGHM,PLKGHM000017,12.5,12.5,12,12.8,-2.3,317734,825,5561.19,0,0,0,
114,1997-12-18,10,KGHM,PLKGHM000017,12.1,12.1,12,12,-6.3,421805,952,973.73,0,0,0,
115,1997-12-19,10,KGHM,PLKGHM000017,11.4,11.4,11.2,11.5,-4.2,461827,1321,9092.52,0,0,0,
116,1997-12-22,10,KGHM,PLKGHM000017,11,11.1,10.9,11.2,-2.6,315859,1170,4880.04,0,0,0,
117,1997-12-23,10,KGHM,PLKGHM000017,11.1,11.2,11,11,-1.8,366659,1075,719.9,0,0,0,
118,1997-12-29,10,KGHM,PLKGHM000017,11.7,12.1,11.7,11.5,4.5,706857,268,4721.7,0,0,0,
119,1997-12-30,10,KGHM,PLKGHM000017,12.4,12.7,12.4,12.6,9.6,516501,191,9399.63,0,0,0,
120,1997-12-31,10,KGHM,PLKGHM000017,13.5,13.7,13.3,13,3.2,536318,197,3947.05,0,0,0,
121,1998-01-05,10,KGHM,PLKGHM000017,13.1,13.1,12.7,13.4,3.1,501488,1505,9868.78,0,0,0,
122,1998-01-06,10,KGHM,PLKGHM000017,12,12.2,11.9,12.8,-4.5,269218,1152,4543.18,0,0,0,
123,1998-01-07,10,KGHM,PLKGHM000017,11,11.5,11,11.6,-9.4,253602,880,3331.57,0,0,0,
124,1998-01-08,10,KGHM,PLKGHM000017,11.3,11.3,11.1,11.5,-0.9,366440,1013,6478.87,0,0,0,
125,1998-01-09,10,KGHM,PLKGHM000017,11.1,11.3,11,11.3,-1.7,372632,880,4280.03,0,0,0,
126,1998-01-12,10,KGHM,PLKGHM000017,10.3,10.3,9.95,10.2,-9.7,626256,1367,1970.98,0,0,0,
127,1998-01-13,10,KGHM,PLKGHM000017,10.3,10.5,10.2,10.5,2.9,372418,976,6319.28,0,0,0,
128,1998-01-14,10,KGHM,PLKGHM000017,10.9,11,10.8,11.1,5.7,490312,734,6994.38,0,0,0,
129,1998-01-15,10,KGHM,PLKGHM000017,10.4,10.4,10.2,10.6,-4.5,356170,727,4895.5,0,0,0,
130,1998-01-16,10,KGHM,PLKGHM000017,11.1,11.2,10.9,10.9,2.8,524331,735,7266.62,0,0,0,
131,1998-01-19,10,KGHM,PLKGHM000017,11.5,11.5,11.3,11.8,8.3,429367,711,5890.96,0,0,0,
132,1998-01-20,10,KGHM,PLKGHM000017,11.1,11.3,11,11.4,-3.4,286939,658,3344.51,0,0,0,
133,1998-01-21,10,KGHM,PLKGHM000017,10.9,10.9,10.7,11.2,-1.8,419445,669,5900.8,0,0,0,
134,1998-01-22,10,KGHM,PLKGHM000017,10.5,10.7,10.4,10.6,-5.4,518804,854,5650.94,0,0,0,
135,1998-01-23,10,KGHM,PLKGHM000017,10.8,11,10.7,10.6,0,771659,978,9628.17,0,0,0,
136,1998-01-26,10,KGHM,PLKGHM000017,10.8,10.8,10.6,11,3.8,563961,817,8350.75,0,0,0,
137,1998-01-27,10,KGHM,PLKGHM000017,10.8,10.8,10.6,10.7,-2.7,599054,736,8871.46,0,0,0,
138,1998-01-28,10,KGHM,PLKGHM000017,10.9,11.2,10.9,10.8,0.9,778636,880,9296.34,0,0,0,
139,1998-01-29,10,KGHM,PLKGHM000017,11.6,11.7,11.1,11.2,3.7,901787,1229,9240.83,0,0,0,
140,1998-01-30,10,KGHM,PLKGHM000017,11.4,11.4,11.2,11.3,0.9,1186059,1317,4544.5,0,0,0,
141,1998-02-02,10,KGHM,PLKGHM000017,12,12.5,12,11.8,4.4,912006,1361,11487.44,0,0,0,
142,1998-02-03,10,KGHM,PLKGHM000017,12.2,12.6,12.2,12.5,5.9,991932,1739,9270.1,0,0,0,
143,1998-02-04,10,KGHM,PLKGHM000017,12,12.5,12,12.3,-1.6,1002337,1450,12580.45,0,0,0,
144,1998-02-05,10,KGHM,PLKGHM000017,13.7,14.3,13.7,13.1,6.5,769211,1237,7773.83,0,0,0,
145,1998-02-06,10,KGHM,PLKGHM000017,15.8,16.1,15.4,14.4,9.9,634500,679,20122.05,0,0,0,
146,1998-02-09,10,KGHM,PLKGHM000017,16,16.1,15.6,15.8,9.7,1359328,2882,24121.75,0,0,0,
147,1998-02-10,10,KGHM,PLKGHM000017,15.2,15.2,14.5,15.5,-1.9,1078615,2689,19301.07,0,0,0,
148,1998-02-11,10,KGHM,PLKGHM000017,14.7,14.8,14,14.4,-7.1,694591,1718,8762.2,0,0,0,
149,1998-02-12,10,KGHM,PLKGHM000017,13.4,13.4,12.9,13.8,-4.2,724085,1519,6940.3,0,0,0,
150,1998-02-13,10,KGHM,PLKGHM000017,13.3,13.4,13.1,13,-5.8,706043,1527,7281.15,0,0,0,
151,1998-02-16,10,KGHM,PLKGHM000017,13.4,13.4,13,13.3,2.3,416322,1145,8394.22,0,0,0,
152,1998-02-17,10,KGHM,PLKGHM000017,13.1,13.6,13.1,13.3,0,449652,863,7864.34,0,0,0,
153,1998-02-18,10,KGHM,PLKGHM000017,13.3,13.3,13,13.4,0.8,577098,918,8169.93,0,0,0,
154,1998-02-19,10,KGHM,PLKGHM000017,0,0,0,12.9,-3.7,831313,1094,6232.5,0,0,0,
155,1998-02-20,10,KGHM,PLKGHM000017,12.9,12.9,12.6,12.8,-0.8,567068,1231,2233.1,0,0,0,
156,1998-02-23,10,KGHM,PLKGHM000017,13.3,13.6,13.3,13,1.6,469593,1034,6528.42,0,0,0,
157,1998-02-24,10,KGHM,PLKGHM000017,12.9,12.9,12.7,13.3,2.3,408329,1025,8467.55,0,0,0,
158,1998-02-25,10,KGHM,PLKGHM000017,12.5,12.5,12.3,12.8,-3.8,418443,839,7224.14,0,0,0,
159,1998-02-26,10,KGHM,PLKGHM000017,12.8,12.9,12.7,12.8,0,514046,672,1228.4,0,0,0,
160,1998-02-27,10,KGHM,PLKGHM000017,13.3,13.3,13.1,13.1,2.3,502554,927,2396.7,0,0,0,
161,1998-03-02,10,KGHM,PLKGHM000017,14,14.2,13.8,13.8,5.3,612048,1061,5677.35,0,0,0,
162,1998-03-03,10,KGHM,PLKGHM000017,13.5,13.6,13.3,13.8,0,451668,828,7918.94,0,0,0,
163,1998-03-04,10,KGHM,PLKGHM000017,13.2,13.5,13.2,13.6,-1.4,500906,836,2829.75,0,0,0,
164,1998-03-05,10,KGHM,PLKGHM000017,12.7,13,12.6,12.9,-5.1,318147,586,4506.65,0,0,0,
165,1998-03-06,10,KGHM,PLKGHM000017,13.7,13.7,13.5,13.4,3.9,280176,532,4391.55,0,0,0,
166,1998-03-09,10,KGHM,PLKGHM000017,14.3,14.6,14.2,14.1,5.2,761633,1313,9166.2,0,0,0,
167,1998-03-10,10,KGHM,PLKGHM000017,14.6,14.6,14.2,14.3,1.4,607338,1376,5840.2,0,0,0,
168,1998-03-11,10,KGHM,PLKGHM000017,14.2,14.2,14,14.5,1.4,850075,1641,4546.25,0,0,0,
169,1998-03-12,10,KGHM,PLKGHM000017,14.2,14.3,14,14,-3.4,459834,1071,8871.35,0,0,0,
170,1998-03-13,10,KGHM,PLKGHM000017,14.3,14.4,14.2,14.4,2.9,512498,897,3755.95,0,0,0,
171,1998-03-16,10,KGHM,PLKGHM000017,14,14.2,14,14.2,-1.4,184405,619,3987.5,0,0,0,
172,1998-03-17,10,KGHM,PLKGHM000017,13.7,13.7,13.4,13.9,-2.1,459963,713,8345.92,0,0,0,
173,1998-03-18,10,KGHM,PLKGHM000017,13.6,13.8,13.6,13.5,-2.9,356432,698,5641.16,0,0,0,
174,1998-03-19,10,KGHM,PLKGHM000017,13.5,13.6,13.4,13.5,0,301241,585,6486.51,0,0,0,
175,1998-03-20,10,KGHM,PLKGHM000017,13.6,13.6,13.4,13.5,0,173884,554,3365.12,0,0,0,
176,1998-03-23,10,KGHM,PLKGHM000017,13.3,13.4,13.3,13.5,0,151493,28,3739.31,0,0,0,
177,1998-03-24,10,KGHM,PLKGHM000017,13.2,13.2,13,13.2,-2.2,314298,56,785.45,0,0,0,
178,1998-03-25,10,KGHM,PLKGHM000017,13,13.1,13,12.8,-3,248336,649,4923.8,0,0,0,
179,1998-03-26,10,KGHM,PLKGHM000017,12.8,12.8,12.6,12.9,0.8,211876,529,4331.2,0,0,0,
180,1998-03-27,10,KGHM,PLKGHM000017,12.5,12.7,12.5,12.6,-2.3,206514,67,775.45,0,0,0,
181,1998-03-30,10,KGHM,PLKGHM000017,12.2,12.2,11.9,12.1,-4,221493,558,2752.58,0,0,0,
182,1998-03-31,10,KGHM,PLKGHM000017,11.7,12.5,11.7,11.6,-4.1,384027,765,5458.1,0,0,0,
183,1998-04-01,10,KGHM,PLKGHM000017,12.7,12.9,12.4,12.7,9.5,490326,593,1168.25,0,0,0,
184,1998-04-02,10,KGHM,PLKGHM000017,0,0,0,12.2,-3.9,53941,375,1461.5,0,0,0,
185,1998-04-06,10,KGHM,PLKGHM000017,12.7,12.9,12.7,12.5,2.5,360308,426,7270.2,0,0,0,
186,1998-04-07,10,KGHM,PLKGHM000017,13.4,13.5,13.3,13,4,181946,437,3131.6,0,0,0,
187,1998-04-08,10,KGHM,PLKGHM000017,12.8,12.9,12.8,13.2,1.5,109581,421,467.8,0,0,0,
188,1998-04-09,10,KGHM,PLKGHM000017,13,13.1,13,13,-1.5,281256,549,5512.16,0,0,0,
189,1998-04-14,10,KGHM,PLKGHM000017,13.4,13.7,13.3,13.3,2.3,183186,419,2696.5,0,0,0,
190,1998-04-15,10,KGHM,PLKGHM000017,0,0,0,13.5,1.5,398807,558,8148.79,0,0,0,
191,1998-04-16,10,KGHM,PLKGHM000017,13.7,14,13.6,13.8,2.2,460351,891,9835.29,0,0,0,
192,1998-04-17,10,KGHM,PLKGHM000017,13.6,13.7,13.5,13.7,-0.7,318188,544,6444.15,0,0,0,
193,1998-04-20,10,KGHM,PLKGHM000017,13.7,13.7,13.4,13.9,1.5,127624,402,628,0,0,0,
194,1998-04-21,10,KGHM,PLKGHM000017,13.9,14.4,13.9,14,0.7,880142,1237,4508.45,0,0,0,
195,1998-04-22,10,KGHM,PLKGHM000017,14.7,14.9,14.7,14.5,3.6,504315,1348,9977.89,0,0,0,
196,1998-04-23,10,KGHM,PLKGHM000017,15.4,15.6,15.3,15,3.4,672357,1453,4634.25,0,0,0,
197,1998-04-24,10,KGHM,PLKGHM000017,16.1,16.2,15.7,15.7,4.7,545790,1538,5845.9,0,0,0,
198,1998-04-27,10,KGHM,PLKGHM000017,15.1,15.2,15,15.4,-1.9,468811,790,8310.18,0,0,0,
199,1998-04-28,10,KGHM,PLKGHM000017,14.5,14.9,14.5,14.9,-3.2,465589,1093,8644.65,0,0,0,
200,1998-04-29,10,KGHM,PLKGHM000017,15.3,15.4,15.1,15,0.7,297874,780,6926.22,0,0,0,
201,1998-04-30,10,KGHM,PLKGHM000017,15.7,15.8,15.6,15.5,3.3,315826,87,6039.61,0,0,0,
202,1998-05-04,10,KGHM,PLKGHM000017,15.5,15.6,15.4,15.8,1.9,260102,707,6252.12,0,0,0,
203,1998-05-05,10,KGHM,PLKGHM000017,15.5,15.7,15.5,15.7,-0.6,524551,889,4143.15,0,0,0,
204,1998-05-06,10,KGHM,PLKGHM000017,15.6,15.8,15.6,15.7,0,320277,736,8863.5,0,0,0,
205,1998-05-07,10,KGHM,PLKGHM000017,15.4,15.5,15.4,15.5,-1.3,537250,535,2249.4,0,0,0,
206,1998-05-08,10,KGHM,PLKGHM000017,15.1,15.1,15,15.3,-1.3,244708,360,783.4,0,0,0,
207,1998-05-11,10,KGHM,PLKGHM000017,14.8,14.8,14.6,15,-2,118519,356,2273.07,0,0,0,
208,1998-05-12,10,KGHM,PLKGHM000017,14.3,14.3,14.1,14.2,-5.3,93416,289,824.3,0,0,0,
209,1998-05-13,10,KGHM,PLKGHM000017,14.3,15,14.2,14.4,1.4,107753,263,1836.09,0,0,0,
210,1998-05-14,10,KGHM,PLKGHM000017,14.2,14.4,14.1,14.3,-0.7,120794,334,392.5,0,0,0,
211,1998-05-15,10,KGHM,PLKGHM000017,14,14.3,14,14,-2.1,104683,227,284.25,0,0,0,
212,1998-05-18,10,KGHM,PLKGHM000017,14,14,13.4,14.2,1.4,65187,205,999.31,0,0,0,
213,1998-05-19,10,KGHM,PLKGHM000017,13.4,13.8,13.4,13.2,-7,197429,357,3997.73,0,0,0,
214,1998-05-20,10,KGHM,PLKGHM000017,14,14.2,14,13.8,4.5,84394,24,2122.27,0,0,0,
215,1998-05-21,10,KGHM,PLKGHM000017,15.3,15.5,15,14.9,8,174808,328,4203.53,0,0,0,
216,1998-05-22,10,KGHM,PLKGHM000017,14.1,14.2,14,14.4,-3.4,55913,227,183.35,0,0,0,
217,1998-05-25,10,KGHM,PLKGHM000017,13.7,14,13.7,14,-2.8,66983,254,598.5,0,0,0,
218,1998-05-26,10,KGHM,PLKGHM000017,13.7,14,13.7,13.6,-2.9,75336,229,276.15,0,0,0,
219,1998-05-27,10,KGHM,PLKGHM000017,13.5,13.6,13.4,13.5,-0.7,306805,435,7709.99,0,0,0,
220,1998-05-28,10,KGHM,PLKGHM000017,14,14,13.8,14.1,4.4,191689,476,817.05,0,0,0,
221,1998-05-29,10,KGHM,PLKGHM000017,14,14,13.9,14.2,0.7,75793,275,1982.12,0,0,0,
222,1998-06-01,10,KGHM,PLKGHM000017,13,13.4,13,13.5,-4.9,128903,181,531.85,0,0,0,
223,1998-06-02,10,KGHM,PLKGHM000017,13.8,13.9,13.7,13.7,1.5,147076,275,533.25,0,0,0,
224,1998-06-03,10,KGHM,PLKGHM000017,14.4,14.5,14.2,14,2.2,174279,499,820.3,0,0,0,
225,1998-06-04,10,KGHM,PLKGHM000017,14.8,14.8,14.6,14.7,5,212482,437,5217.97,0,0,0,
226,1998-06-05,10,KGHM,PLKGHM000017,15,15.1,14.8,14.9,1.4,214235,629,949.7,0,0,0,
227,1998-06-08,10,KGHM,PLKGHM000017,15.1,15.1,14.5,15,0.7,239928,816,6875.34,0,0,0,
228,1998-06-09,10,KGHM,PLKGHM000017,14.3,14.5,14.3,14.7,-2,212046,590,5851.95,0,0,0,
229,1998-06-10,10,KGHM,PLKGHM000017,14.2,14.3,14.2,14.5,-1.4,217164,487,6254.26,0,0,0,
230,1998-06-15,10,KGHM,PLKGHM000017,13.5,13.8,13.5,13.8,-4.8,327595,559,7910.02,0,0,0,
231,1998-06-16,10,KGHM,PLKGHM000017,14.5,14.5,14.3,14.5,5.1,154147,534,4238.26,0,0,0,
232,1998-06-17,10,KGHM,PLKGHM000017,14.5,14.7,14.5,14.3,-1.4,337477,55,8336.24,0,0,0,
233,1998-06-18,10,KGHM,PLKGHM000017,14.7,14.7,14.2,14.9,4.2,209252,21,5974.96,0,0,0,
234,1998-06-19,10,KGHM,PLKGHM000017,14.2,14.7,14.1,14.6,-2,116567,348,3192.06,0,0,0,
235,1998-06-22,10,KGHM,PLKGHM000017,14.7,14.7,14.5,14.6,0,96786,188,2716.65,0,0,0,
236,1998-06-23,10,KGHM,PLKGHM000017,14.5,14.5,14.3,14.8,1.4,89262,255,57.7,0,0,0,
237,1998-06-24,10,KGHM,PLKGHM000017,14.5,15,14.5,15,1.4,181214,535,5031.42,0,0,0,
238,1998-06-25,10,KGHM,PLKGHM000017,14.9,14.9,14.7,14.9,-0.7,100497,331,2890.51,0,0,0,
239,1998-06-26,10,KGHM,PLKGHM000017,14.4,14.5,14.4,14.5,-2.7,50840,206,159.4,0,0,0,
240,1998-06-29,10,KGHM,PLKGHM000017,14.3,14.3,14.2,14,-3.4,67269,194,214.05,0,0,0,
241,1998-06-30,10,KGHM,PLKGHM000017,14.2,14.2,14,14,0,120213,263,401.45,0,0,0,
242,1998-07-01,10,KGHM,PLKGHM000017,14.1,14.3,13.9,14,0,166895,233,871.1,0,0,0,
243,1998-07-02,10,KGHM,PLKGHM000017,14.2,14.2,14.1,14,0,87972,49,943.2,0,0,0,
244,1998-07-03,10,KGHM,PLKGHM000017,14.2,14.2,14,14,0,69945,31,586.65,0,0,0,
245,1998-07-06,10,KGHM,PLKGHM000017,14.3,14.3,14.2,14.1,0.7,48612,222,849.16,0,0,0,
246,1998-07-07,10,KGHM,PLKGHM000017,14.4,14.5,14.4,14.5,2.8,76017,333,338.45,0,0,0,
247,1998-07-08,10,KGHM,PLKGHM000017,14.2,14.2,14.1,14,-3.4,51353,297,786.88,0,0,0,
248,1998-07-09,10,KGHM,PLKGHM000017,13.9,14,13.9,13.9,-0.7,153127,237,3999.78,0,0,0,
249,1998-07-10,10,KGHM,PLKGHM000017,13.9,14,13.9,14,0.7,83781,222,2149.87,0,0,0,
250,1998-07-13,10,KGHM,PLKGHM000017,14.2,14.3,14.1,14,0,40933,19,943.12,0,0,0,
251,1998-07-14,10,KGHM,PLKGHM000017,14.4,14.5,14.3,14.5,3.6,197332,20,5447.13,0,0,0,
252,1998-07-15,10,KGHM,PLKGHM000017,14.6,14.8,14.6,14.5,0,152610,59,3287.44,0,0,0,
253,1998-07-16,10,KGHM,PLKGHM000017,14.6,15,14.6,14.5,0,212405,60,4006.5,0,0,0,
254,1998-07-17,10,KGHM,PLKGHM000017,15,15.2,14.9,15.2,4.8,545403,92,1696.35,0,0,0,
255,1998-07-20,10,KGHM,PLKGHM000017,15.3,15.5,15.3,15.2,0,214168,548,874.95,0,0,0,
256,1998-07-21,10,KGHM,PLKGHM000017,15.6,15.8,15.6,15.5,2,281759,948,7215.53,0,0,0,
257,1998-07-22,10,KGHM,PLKGHM000017,15,15.1,14.9,15.4,-0.6,222916,411,5287.31,0,0,0,
258,1998-07-23,10,KGHM,PLKGHM000017,15.4,15.4,15.3,15,-2.6,310824,466,8529.72,0,0,0,
259,1998-07-24,10,KGHM,PLKGHM000017,15.4,15.4,15.3,15.1,0.7,111497,289,1842.11,0,0,0,
260,1998-07-27,10,KGHM,PLKGHM000017,15.3,15.3,14.7,15.1,0,260658,276,7637.82,0,0,0,
261,1998-07-28,10,KGHM,PLKGHM000017,14.7,14.7,14.6,14.7,-2.6,145837,16,4030.36,0,0,0,
262,1998-07-29,10,KGHM,PLKGHM000017,14.2,14.9,14.2,14.4,-2,61390,237,353,0,0,0,
263,1998-07-30,10,KGHM,PLKGHM000017,14.4,14.4,14.1,14.2,-1.4,192581,256,3538.1,0,0,0,
264,1998-07-31,10,KGHM,PLKGHM000017,14.1,14.2,14.1,14.4,1.4,93295,173,262.55,0,0,0,
265,1998-08-03,10,KGHM,PLKGHM000017,13.8,14.1,13.8,14,-2.8,173706,277,480.1,0,0,0,
266,1998-08-04,10,KGHM,PLKGHM000017,14.2,14.4,14.2,14,0,50182,222,379.85,0,0,0,
267,1998-08-05,10,KGHM,PLKGHM000017,13.9,13.9,13.8,13.7,-2.1,71155,221,180.45,0,0,0,
268,1998-08-06,10,KGHM,PLKGHM000017,14,14,13.8,14.1,2.9,47361,157,940.78,0,0,0,
269,1998-08-07,10,KGHM,PLKGHM000017,14.2,14.2,14,13.8,-2.1,65881,202,77.45,0,0,0,
270,1998-08-10,10,KGHM,PLKGHM000017,13.9,14,13.8,14,1.4,39677,142,62.55,0,0,0,
271,1998-08-11,10,KGHM,PLKGHM000017,13.1,13.1,12.6,13.4,-4.3,62127,206,361.6,0,0,0,
272,1998-08-12,10,KGHM,PLKGHM000017,12.8,12.8,12.7,12.7,-5.2,173028,321,3131.26,0,0,0,
273,1998-08-13,10,KGHM,PLKGHM000017,11.8,12.1,11.8,12.1,-4.7,315237,332,6025.49,0,0,0,
274,1998-08-14,10,KGHM,PLKGHM000017,12.6,12.8,12.6,12.7,5,147062,208,1957.37,0,0,0,
275,1998-08-17,10,KGHM,PLKGHM000017,12.4,12.6,12.4,12.4,-2.4,78771,183,480.2,0,0,0,
276,1998-08-18,10,KGHM,PLKGHM000017,13.3,13.5,13.2,13.6,9.7,159126,204,2777.83,0,0,0,
277,1998-08-19,10,KGHM,PLKGHM000017,13.5,13.6,13.3,13.2,-2.9,299086,220,5559.47,0,0,0,
278,1998-08-20,10,KGHM,PLKGHM000017,13.3,13.3,13.1,13.2,0,364088,9,9433.72,0,0,0,
279,1998-08-21,10,KGHM,PLKGHM000017,12.9,12.9,12.8,12.9,-2.3,151994,155,614.6,0,0,0,
280,1998-08-24,10,KGHM,PLKGHM000017,12.9,13.2,12.8,13.3,3.1,76285,142,78.05,0,0,0,
281,1998-08-25,10,KGHM,PLKGHM000017,13.3,13.4,13.2,13.5,1.5,116385,180,2852.15,0,0,0,
282,1998-08-26,10,KGHM,PLKGHM000017,13,13.3,12.9,13.2,-2.2,221603,158,4121.12,0,0,0,
283,1998-08-27,10,KGHM,PLKGHM000017,12.6,12.8,12.4,12.8,-3,252736,254,648.1,0,0,0,
284,1998-08-28,10,KGHM,PLKGHM000017,11.6,12.1,11.6,11.6,-9.4,192523,16,4356.33,0,0,0,
285,1998-08-31,10,KGHM,PLKGHM000017,11.8,12.1,11.8,12,3.4,64497,307,191.55,0,0,0,
286,1998-09-01,10,KGHM,PLKGHM000017,11.4,11.9,11,11,-8.3,160724,40,587.05,0,0,0,
287,1998-09-02,10,KGHM,PLKGHM000017,12,12.3,11.5,12.1,10,160883,306,655.2,0,0,0,
288,1998-09-03,10,KGHM,PLKGHM000017,11.5,11.7,11.4,11.8,-2.5,199155,10,485.15,0,0,0,
289,1998-09-04,10,KGHM,PLKGHM000017,11.9,12,11.9,11.9,0.8,86987,18,203.35,0,0,0,
290,1998-09-07,10,KGHM,PLKGHM000017,12.7,12.7,12.3,12.4,4.2,225569,290,3554.31,0,0,0,
291,1998-09-08,10,KGHM,PLKGHM000017,12.2,12.8,12.1,12.4,0,104611,224,967.9,0,0,0,
292,1998-09-09,10,KGHM,PLKGHM000017,12.2,12.2,11.9,12,-3.2,48642,193,759.41,0,0,0,
293,1998-09-10,10,KGHM,PLKGHM000017,12,12.1,12,12,0,75706,179,313,0,0,0,
294,1998-09-11,10,KGHM,PLKGHM000017,11.6,11.7,11.5,11.4,-5,99433,193,354.25,0,0,0,
295,1998-09-14,10,KGHM,PLKGHM000017,12,12,11.9,12,5.3,35548,143,595.15,0,0,0,
296,1998-09-15,10,KGHM,PLKGHM000017,11.9,11.9,11.7,12.1,0.8,90813,163,47.1,0,0,0,
297,1998-09-16,10,KGHM,PLKGHM000017,12.1,12.7,12.1,12.1,0,138353,243,2119.99,0,0,0,
298,1998-09-17,10,KGHM,PLKGHM000017,12,12,11.9,12.4,2.5,100142,146,95.4,0,0,0,
299,1998-09-18,10,KGHM,PLKGHM000017,12.2,12.2,12,12.3,-0.8,128458,193,503.65,0,0,0,
300,1998-09-21,10,KGHM,PLKGHM000017,12,12,11.8,12.1,-1.6,42191,143,984.72,0,0,0,
301,1998-09-22,10,KGHM,PLKGHM000017,11.5,11.9,11.5,11.5,-5,36585,8,778.21,0,0,0,
302,1998-09-23,10,KGHM,PLKGHM000017,11.7,12,11.7,12,4.3,38566,146,853.58,0,0,0,
303,1998-09-24,10,KGHM,PLKGHM000017,12.2,12.2,11.9,12.3,2.5,124885,224,466.85,0,0,0,
304,1998-09-25,10,KGHM,PLKGHM000017,0,0,0,11.8,-4.1,52182,107,116.95,0,0,0,
305,1998-09-28,10,KGHM,PLKGHM000017,0,0,0,12.3,4.2,80181,129,36.05,0,0,0,
306,1998-09-29,10,KGHM,PLKGHM000017,11.9,12,11.9,12,-2.4,21469,136,389.26,0,0,0,
307,1998-09-30,10,KGHM,PLKGHM000017,11.6,11.6,11.4,11.8,-1.7,34339,26,432.8,0,0,0,
308,1998-10-01,10,KGHM,PLKGHM000017,10.5,10.7,10.2,10.8,-8.5,87849,168,302.15,0,0,0,
309,1998-10-02,10,KGHM,PLKGHM000017,9.85,10.2,9.8,9.75,-9.7,180229,381,2437.09,0,0,0,
310,1998-10-05,10,KGHM,PLKGHM000017,10.3,10.3,9.8,10,2.6,55494,231,954.88,0,0,0,
311,1998-10-06,10,KGHM,PLKGHM000017,9.9,10,9.7,9.75,-2.5,217345,209,3950.6,0,0,0,
312,1998-10-07,10,KGHM,PLKGHM000017,9.8,9.95,9.8,10.1,3.6,135783,175,69.1,0,0,0,
313,1998-10-08,10,KGHM,PLKGHM000017,9.65,9.65,9.5,9.95,-1.5,25071,122,384.49,0,0,0,
314,1998-10-09,10,KGHM,PLKGHM000017,10.1,10.1,9.95,9.9,-0.5,47684,155,770.89,0,0,0,
315,1998-10-12,10,KGHM,PLKGHM000017,10,10.2,10,10.2,3,133017,168,2545.25,0,0,0,
316,1998-10-13,10,KGHM,PLKGHM000017,9.5,10.2,9.5,10.2,0,136414,149,259.7,0,0,0,
317,1998-10-14,10,KGHM,PLKGHM000017,10.2,10.3,10,10.4,2,69511,143,80.95,0,0,0,
318,1998-10-15,10,KGHM,PLKGHM000017,10.5,10.6,10.5,10.5,1,179272,206,882.75,0,0,0,
319,1998-10-16,10,KGHM,PLKGHM000017,10.5,10.5,10.2,10.8,2.9,82912,174,299.7,0,0,0,
320,1998-10-19,10,KGHM,PLKGHM000017,10.1,10.5,10.1,10,-7.4,98492,121,453.65,0,0,0,
321,1998-10-20,10,KGHM,PLKGHM000017,10.7,11,10.7,11,10,101126,191,392.8,0,0,0,
322,1998-10-21,10,KGHM,PLKGHM000017,11,11.5,11,11,0,80804,216,389.4,0,0,0,
323,1998-10-22,10,KGHM,PLKGHM000017,11.7,11.8,11.5,11.4,3.6,78577,207,356.6,0,0,0,
324,1998-10-23,10,KGHM,PLKGHM000017,11.8,12.1,11.8,11.7,2.6,183236,203,3971.82,0,0,0,
325,1998-10-26,10,KGHM,PLKGHM000017,12,12.5,12,11.8,0.9,139371,250,917.75,0,0,0,
326,1998-10-27,10,KGHM,PLKGHM000017,12,12.6,12,12,1.7,290105,369,755.35,0,0,0,
327,1998-10-28,10,KGHM,PLKGHM000017,11.7,12.2,11.7,12,0,147552,422,401.75,0,0,0,
328,1998-10-29,10,KGHM,PLKGHM000017,12.3,12.5,12.3,12.1,0.8,168933,378,2805.58,0,0,0,
329,1998-10-30,10,KGHM,PLKGHM000017,12.6,12.9,12.6,12.3,1.7,317938,278,6314.52,0,0,0,
330,1998-11-02,10,KGHM,PLKGHM000017,0,0,0,13.5,9.8,61943,225,641.75,0,0,0,
331,1998-11-03,10,KGHM,PLKGHM000017,0,0,0,14,3.7,182106,336,865.55,0,0,0,
332,1998-11-04,10,KGHM,PLKGHM000017,13.4,13.7,13.4,12.7,-9.3,112036,265,1785.26,0,0,0,
333,1998-11-05,10,KGHM,PLKGHM000017,13.6,13.6,13.4,13.9,9.4,157940,260,728.85,0,0,0,
334,1998-11-06,10,KGHM,PLKGHM000017,13.6,13.6,13.4,13.7,-1.4,255974,236,6753.39,0,0,0,
335,1998-11-09,10,KGHM,PLKGHM000017,13.5,13.7,13.4,13.6,-0.7,61663,148,40.4,0,0,0,
336,1998-11-10,10,KGHM,PLKGHM000017,13.2,13.4,13.2,13.2,-2.9,30555,131,767.05,0,0,0,
337,1998-11-12,10,KGHM,PLKGHM000017,12.7,12.7,12.5,12.8,-3,29325,100,616.32,0,0,0,
338,1998-11-13,10,KGHM,PLKGHM000017,13.3,13.3,12.8,13,1.6,85841,170,633.6,0,0,0,
339,1998-11-16,10,KGHM,PLKGHM000017,13.6,13.7,13.4,13.5,3.8,60312,198,359,0,0,0,
340,1998-11-17,10,KGHM,PLKGHM000017,12.8,12.9,12.8,12.6,-6.7,137527,166,3219.98,0,0,0,
341,1998-11-18,10,KGHM,PLKGHM000017,12.1,12.8,12.1,12.7,0.8,104351,142,553.7,0,0,0,
342,1998-11-19,10,KGHM,PLKGHM000017,12.1,12.3,12.1,12.4,-2.4,215445,129,3486.75,0,0,0,
343,1998-11-20,10,KGHM,PLKGHM000017,12.6,12.6,12.6,12.5,0.8,35811,7,601.53,0,0,0,
344,1998-11-23,10,KGHM,PLKGHM000017,13.1,13.2,13,12.9,3.2,58683,128,366.9,0,0,0,
345,1998-11-24,10,KGHM,PLKGHM000017,12.8,12.8,12.5,12.9,0,57365,190,989.82,0,0,0,
346,1998-11-25,10,KGHM,PLKGHM000017,12.6,12.7,12.6,12.5,-3.1,121960,123,3036.5,0,0,0,
347,1998-11-26,10,KGHM,PLKGHM000017,12.8,12.8,12.7,13,4,58517,210,178.45,0,0,0,
348,1998-11-27,10,KGHM,PLKGHM000017,12.8,12.8,12.5,12.5,-3.8,24570,120,458,0,0,0,
349,1998-11-30,10,KGHM,PLKGHM000017,12.5,12.5,12.3,12.4,-0.8,104625,110,2365.3,0,0,0,
350,1998-12-01,10,KGHM,PLKGHM000017,12,12,11.8,12.1,-2.4,67524,125,71.4,0,0,0,
351,1998-12-02,10,KGHM,PLKGHM000017,12.5,12.6,12.5,12.2,0.8,58645,132,131.8,0,0,0,
352,1998-12-03,10,KGHM,PLKGHM000017,12.3,13.2,12.3,12.3,0.8,178741,38,3000.98,0,0,0,
353,1998-12-04,10,KGHM,PLKGHM000017,12.7,12.8,12.5,12.5,1.6,93122,146,2178.05,0,0,0,
354,1998-12-07,10,KGHM,PLKGHM000017,0,0,0,13,4,97864,292,2544.46,0,0,0,
355,1998-12-08,10,KGHM,PLKGHM000017,12.7,12.8,12.5,12.8,-1.5,169258,11,3014.95,0,0,0,
356,1998-12-09,10,KGHM,PLKGHM000017,13,13.1,13,12.8,0,109200,182,952.55,0,0,0,
357,1998-12-10,10,KGHM,PLKGHM000017,13.1,13.2,13,13,1.6,117053,278,888.9,0,0,0,
358,1998-12-11,10,KGHM,PLKGHM000017,12.8,13,12.8,12.8,-1.5,42300,136,750.08,0,0,0,
359,1998-12-14,10,KGHM,PLKGHM000017,12.6,12.6,12.5,12.6,-1.6,362689,153,8982.26,0,0,0,
360,1998-12-15,10,KGHM,PLKGHM000017,12.5,12.5,12.2,12.4,-1.6,231006,135,61.4,0,0,0,
361,1998-12-16,10,KGHM,PLKGHM000017,11.3,12,11.2,11.2,-9.7,342272,383,5062.89,0,0,0,
362,1998-12-17,10,KGHM,PLKGHM000017,11.6,11.7,11.6,11.5,2.7,187051,469,4192.92,0,0,0,
363,1998-12-18,10,KGHM,PLKGHM000017,11.7,11.7,11.4,11.5,0,227006,167,656.15,0,0,0,
364,1998-12-21,10,KGHM,PLKGHM000017,11.7,11.7,11.4,11.1,-3.5,106935,176,643.75,0,0,0,
365,1998-12-22,10,KGHM,PLKGHM000017,11.9,12,11.8,11.6,4.5,255651,217,4579.7,0,0,0,
366,1998-12-23,10,KGHM,PLKGHM000017,12.5,12.6,12.3,12.2,5.2,152603,173,342.3,0,0,0,
367,1998-12-28,10,KGHM,PLKGHM000017,12.8,13,12.8,12.8,4.9,50635,18,282.6,0,0,0,
368,1998-12-29,10,KGHM,PLKGHM000017,12.4,12.5,12.4,12.9,0.8,204497,261,931.05,0,0,0,
369,1998-12-30,10,KGHM,PLKGHM000017,12.4,12.5,12.4,12.5,-3.1,350717,221,7599.18,0,0,0,
370,1998-12-31,10,KGHM,PLKGHM000017,0,0,0,12.5,0,84813,101,2120.33,0,0,0,
371,1999-01-04,10,KGHM,PLKGHM000017,13,13,12.7,12.6,0.8,29925,91,544.9,0,0,0,
372,1999-01-05,10,KGHM,PLKGHM000017,12.2,12.3,12.2,12.5,-0.8,137845,147,3308.63,0,0,0,
373,1999-01-06,10,KGHM,PLKGHM000017,12.5,12.7,12.5,12.2,-2.4,603714,81,3049.12,0,0,0,
374,1999-01-07,10,KGHM,PLKGHM000017,12.8,12.8,12.5,12.7,4.1,200102,48,937.45,0,0,0,
375,1999-01-08,10,KGHM,PLKGHM000017,0,0,0,12.6,-0.8,188630,55,3764.38,0,0,0,
376,1999-01-11,10,KGHM,PLKGHM000017,12.7,13.3,12.6,12.8,1.6,171518,43,567,0,0,0,
377,1999-01-12,10,KGHM,PLKGHM000017,12.7,12.7,12.6,12.5,-2.3,106752,262,2531.3,0,0,0,
378,1999-01-13,10,KGHM,PLKGHM000017,11.8,11.8,11.2,11.9,-4.8,93914,207,351.4,0,0,0,
379,1999-01-14,10,KGHM,PLKGHM000017,11.7,11.8,11.6,11.4,-4.2,129237,381,1886.4,0,0,0,
380,1999-01-15,10,KGHM,PLKGHM000017,10.7,11.1,10.5,10.3,-9.6,155885,310,1836.18,0,0,0,
381,1999-01-18,10,KGHM,PLKGHM000017,11.5,12,11.5,11.3,9.7,241065,66,4306.77,0,0,0,
382,1999-01-19,10,KGHM,PLKGHM000017,11.7,12.3,11.7,11.8,4.4,171211,72,2795.68,0,0,0,
383,1999-01-20,10,KGHM,PLKGHM000017,0,0,0,12.4,5.1,135666,356,787.75,0,0,0,
384,1999-01-21,10,KGHM,PLKGHM000017,13.3,14.9,13.3,13.1,5.6,1400089,1177,27982.3,0,0,0,
385,1999-01-22,10,KGHM,PLKGHM000017,14,14.7,14,13.4,2.3,417550,201,6389.4,0,0,0,
386,1999-01-25,10,KGHM,PLKGHM000017,14.4,14.6,14.2,13.7,2.2,297609,784,4236.29,0,0,0,
387,1999-01-26,10,KGHM,PLKGHM000017,15.3,15.3,14.3,14.6,6.6,465087,139,9463.34,0,0,0,
388,1999-01-27,10,KGHM,PLKGHM000017,14,15,14,14.6,0,548191,153,5841.6,0,0,0,
389,1999-01-28,10,KGHM,PLKGHM000017,14.8,14.9,14.6,14.4,-1.4,520356,998,4882.5,0,0,0,
390,1999-01-29,10,KGHM,PLKGHM000017,14.9,15.1,14.8,14.7,2.1,390147,96,8647.92,0,0,0,
391,1999-02-01,10,KGHM,PLKGHM000017,15,15.1,14.9,14.9,1.4,606508,650,2334.95,0,0,0,
392,1999-02-02,10,KGHM,PLKGHM000017,14.7,14.8,14.6,14.6,-2,288027,369,7972.39,0,0,0,
393,1999-02-03,10,KGHM,PLKGHM000017,14,14.1,13.7,13.9,-4.8,373954,363,6969.57,0,0,0,
394,1999-02-04,10,KGHM,PLKGHM000017,13.9,13.9,13.5,14,0.7,287389,30,962.75,0,0,0,
395,1999-02-05,10,KGHM,PLKGHM000017,13.3,13.4,13.2,13,-7.1,103117,268,569.95,0,0,0,
396,1999-02-08,10,KGHM,PLKGHM000017,13.9,13.9,13.5,13.3,2.3,166982,31,3198.17,0,0,0,
397,1999-02-09,10,KGHM,PLKGHM000017,0,0,0,13.5,1.5,150946,24,650.35,0,0,0,
398,1999-02-10,10,KGHM,PLKGHM000017,13.3,13.4,13.2,13,-3.7,85575,19,351.05,0,0,0,
399,1999-02-11,10,KGHM,PLKGHM000017,13.8,13.8,13.3,13.3,2.3,25351,15,428.29,0,0,0,
400,1999-02-12,10,KGHM,PLKGHM000017,14.1,14.1,14,14,5.3,217660,305,4967.48,0,0,0,
401,1999-02-15,10,KGHM,PLKGHM000017,0,0,0,13.7,-2.1,19589,3,516.19,0,0,0,
402,1999-02-16,10,KGHM,PLKGHM000017,0,0,0,14.4,5.1,178144,365,3344.95,0,0,0,
403,1999-02-17,10,KGHM,PLKGHM000017,15,15.1,14.8,14.7,2.1,225011,75,4601.42,0,0,0,
404,1999-02-18,10,KGHM,PLKGHM000017,14.7,15.4,14.7,14.9,1.4,210175,96,4005.87,0,0,0,
405,1999-02-19,10,KGHM,PLKGHM000017,15,15.3,15,15,0.7,392066,62,9084.48,0,0,0,
406,1999-02-22,10,KGHM,PLKGHM000017,15.3,15.5,15.3,15.4,2.7,199374,53,3669.02,0,0,0,
407,1999-02-23,10,KGHM,PLKGHM000017,15,15,14.5,15.2,-1.3,215039,397,4599.19,0,0,0,
408,1999-02-24,10,KGHM,PLKGHM000017,14.5,14.8,14.5,14.7,-3.3,279197,13,7142.64,0,0,0,
409,1999-02-25,10,KGHM,PLKGHM000017,14.2,14.6,14,14.4,-2,67606,220,903.05,0,0,0,
410,1999-02-26,10,KGHM,PLKGHM000017,14.6,14.9,14.6,14.1,-2.1,110484,51,768,0,0,0,
411,1999-03-01,10,KGHM,PLKGHM000017,15.1,15.3,15.1,15.2,7.8,303757,38,7729.41,0,0,0,
412,1999-03-02,10,KGHM,PLKGHM000017,15,15.4,15,15.5,2,198447,42,4198.86,0,0,0,
413,1999-03-03,10,KGHM,PLKGHM000017,15.3,15.5,15.3,15.5,0,256771,39,6037.9,0,0,0,
414,1999-03-04,10,KGHM,PLKGHM000017,15.3,15.6,15.3,15.6,0.6,148733,10,4422.07,0,0,0,
415,1999-03-05,10,KGHM,PLKGHM000017,15.8,16.4,15.8,15.7,0.6,197111,76,3324.04,0,0,0,
416,1999-03-08,10,KGHM,PLKGHM000017,17.1,17.2,16.9,16.4,4.5,232332,575,4840.69,0,0,0,
417,1999-03-09,10,KGHM,PLKGHM000017,17.1,17.2,16.9,16.8,2.4,158525,519,3150.84,0,0,0,
418,1999-03-10,10,KGHM,PLKGHM000017,16.1,16.3,16.1,16.1,-4.2,212165,271,4754.81,0,0,0,
419,1999-03-11,10,KGHM,PLKGHM000017,16.4,16.5,16.4,16.2,0.6,69509,23,1144.65,0,0,0,
420,1999-03-12,10,KGHM,PLKGHM000017,16.4,16.5,16.1,16.6,2.5,157656,48,2745.3,0,0,0,
421,1999-03-15,10,KGHM,PLKGHM000017,16.2,16.2,16.1,16.4,-1.2,186236,68,622.74,0,0,0,
422,1999-03-16,10,KGHM,PLKGHM000017,16.1,16.2,16.1,16.1,-1.8,433554,31,12873.69,0,0,0,
423,1999-03-17,10,KGHM,PLKGHM000017,16.1,16.2,16.1,16.1,0,304900,9,9423.33,0,0,0,
424,1999-03-18,10,KGHM,PLKGHM000017,16,16,15.5,16,-0.6,107308,33,2414.9,0,0,0,
425,1999-03-19,10,KGHM,PLKGHM000017,15.8,16.2,15.8,16.2,1.3,68829,34,1156.7,0,0,0,
426,1999-03-22,10,KGHM,PLKGHM000017,16,17.2,15.9,15.9,-1.9,155434,139,2784.3,0,0,0,
427,1999-03-23,10,KGHM,PLKGHM000017,16,16.9,16,16.5,3.8,278984,49,4702.4,0,0,0,
428,1999-03-24,10,KGHM,PLKGHM000017,17,17.8,16.8,16.5,0,350532,119,7398.3,0,0,0,
429,1999-03-25,10,KGHM,PLKGHM000017,18.2,18.4,17.9,17.8,7.9,432256,95,9087.11,0,0,0,
430,1999-03-26,10,KGHM,PLKGHM000017,19.3,19.5,18.9,19.5,9.6,476019,73,6384.25,0,0,0,
431,1999-03-29,10,KGHM,PLKGHM000017,18.1,19,18.1,19,-2.6,166338,46,4800.84,0,0,0,
432,1999-03-30,10,KGHM,PLKGHM000017,18.6,18.6,18.3,19,0,147208,17,849.55,0,0,0,
433,1999-03-31,10,KGHM,PLKGHM000017,17.9,18.3,17.9,18.4,-3.2,188203,395,739.05,0,0,0,
434,1999-04-01,10,KGHM,PLKGHM000017,18.1,18.1,17.6,17.9,-2.7,146539,8,5102.9,0,0,0,
435,1999-04-06,10,KGHM,PLKGHM000017,18,18.3,17.9,17.8,-0.6,248753,41,5313.65,0,0,0,
436,1999-04-07,10,KGHM,PLKGHM000017,18.2,18.8,18.2,18,1.1,86147,28,644.29,0,0,0,
437,1999-04-08,10,KGHM,PLKGHM000017,19.4,19.7,19.4,19.4,7.8,191885,63,4525.44,0,0,0,
438,1999-04-09,10,KGHM,PLKGHM000017,19.1,19.3,19.1,19.8,2.1,258714,24,9670.87,0,0,0,
439,1999-04-12,10,KGHM,PLKGHM000017,19.1,19.1,19,19.2,-3,108431,13,3866.15,0,0,0,
440,1999-04-13,10,KGHM,PLKGHM000017,19.5,19.8,19,19.4,1,102997,36,2715.88,0,0,0,
441,1999-04-14,10,KGHM,PLKGHM000017,19.2,19.5,19.2,19.5,0.5,123142,35,2833.04,0,0,0,
442,1999-04-15,10,KGHM,PLKGHM000017,20,20.9,20,19.7,1,167971,42,4904.16,0,0,0,
443,1999-04-16,10,KGHM,PLKGHM000017,22.7,22.9,22.2,21.6,9.6,617273,208,15087.35,0,0,0,
444,1999-04-19,10,KGHM,PLKGHM000017,24.1,24.8,24.1,23.7,9.7,606908,147,7629.6,0,0,0,
445,1999-04-20,10,KGHM,PLKGHM000017,24,24.1,23.6,24,1.3,499672,108,8900.15,0,0,0,
446,1999-04-21,10,KGHM,PLKGHM000017,23.3,23.6,23.3,23.6,-1.7,326664,39,1473.75,0,0,0,
447,1999-04-22,10,KGHM,PLKGHM000017,24.9,24.9,24.1,24,1.7,519187,44,22904.98,0,0,0,
448,1999-04-23,10,KGHM,PLKGHM000017,24.1,24.1,24,24.1,0.4,248580,48,1788.5,0,0,0,
449,1999-04-26,10,KGHM,PLKGHM000017,23.7,23.9,23.5,24,-0.4,140458,24,5373.98,0,0,0,
450,1999-04-27,10,KGHM,PLKGHM000017,24,24,23.8,24,0,295956,14,1451.75,0,0,0,
451,1999-04-28,10,KGHM,PLKGHM000017,23.8,23.9,23,24,0,210635,17,9570.48,0,0,0,
452,1999-04-29,10,KGHM,PLKGHM000017,23.6,23.7,23.6,23.6,-1.7,217700,17,9591.04,0,0,0,
453,1999-04-30,10,KGHM,PLKGHM000017,24.7,25.3,24.7,24.6,4.2,211545,67,8735.21,0,0,0,
454,1999-05-04,10,KGHM,PLKGHM000017,25.7,26.1,25.7,26.1,6.1,304236,43,2832.25,0,0,0,
455,1999-05-05,10,KGHM,PLKGHM000017,25.2,25.3,25,25.7,-1.5,128834,14,6287.97,0,0,0,
456,1999-05-06,10,KGHM,PLKGHM000017,25.1,25.4,25,25.5,-0.8,89255,11,4322.51,0,0,0,
457,1999-05-07,10,KGHM,PLKGHM000017,25.4,25.8,25.4,25.5,0,124562,18,5919.16,0,0,0,
458,1999-05-10,10,KGHM,PLKGHM000017,25.9,26.2,25.9,25.9,1.6,158900,470,7700.07,0,0,0,
459,1999-05-11,10,KGHM,PLKGHM000017,26,26,26,26,0.4,268582,24,793,0,0,0,
460,1999-05-12,10,KGHM,PLKGHM000017,26,26.1,25.4,26,0,174582,31,7037.26,0,0,0,
461,1999-05-13,10,KGHM,PLKGHM000017,25.8,25.8,25.3,25.8,-0.8,162975,13,6487.41,0,0,0,
462,1999-05-14,10,KGHM,PLKGHM000017,25,25.1,24.2,25.3,-1.9,67675,11,636.1,0,0,0,
463,1999-05-17,10,KGHM,PLKGHM000017,24.5,24.5,24,22.8,-9.9,164546,43,4106.1,0,0,0,
464,1999-05-18,10,KGHM,PLKGHM000017,26.1,27.8,26,25,9.6,166015,470,4825.75,0,0,0,
465,1999-05-19,10,KGHM,PLKGHM000017,28,28.5,27.2,27.5,10,421816,72,3590.8,0,0,0,
466,1999-05-20,10,KGHM,PLKGHM000017,26,26.2,26,25.5,-7.3,95429,8,4637.38,0,0,0,
467,1999-05-21,10,KGHM,PLKGHM000017,27.3,27.3,27,27.6,8.2,241210,29,1774.65,0,0,0,
468,1999-05-24,10,KGHM,PLKGHM000017,26.5,26.7,26.5,25.5,-7.6,38757,24,930.15,0,0,0,
469,1999-05-25,10,KGHM,PLKGHM000017,26,26.1,25.8,25.6,0.4,84704,20,2224.84,0,0,0,
470,1999-05-26,10,KGHM,PLKGHM000017,26,26,25.5,25.5,-0.4,39375,11,270,0,0,0,
471,1999-05-27,10,KGHM,PLKGHM000017,25.6,25.6,25,26,2,103360,3,5166.72,0,0,0,
472,1999-05-28,10,KGHM,PLKGHM000017,24.5,24.6,24,24.1,-7.3,110249,26,4109,0,0,0,
473,1999-05-31,10,KGHM,PLKGHM000017,0,0,0,23.4,-2.9,39330,15,376.6,0,0,0,
474,1999-06-01,10,KGHM,PLKGHM000017,22.8,22.9,22.4,22.8,-2.6,112240,30,3978.14,0,0,0,
475,1999-06-02,10,KGHM,PLKGHM000017,22.3,23.4,22,22.3,-2.2,78756,21,456.2,0,0,0,
476,1999-06-07,10,KGHM,PLKGHM000017,21.6,21.6,21.2,22,-1.3,144554,26,917.2,0,0,0,
477,1999-06-08,10,KGHM,PLKGHM000017,0,0,0,20.8,-5.5,91544,34,2560.23,0,0,0,
478,1999-06-09,10,KGHM,PLKGHM000017,20.6,21.5,20.5,20.1,-3.4,145889,367,4879.84,0,0,0,
479,1999-06-10,10,KGHM,PLKGHM000017,22,22.5,22,21.6,7.5,124911,262,3624.96,0,0,0,
480,1999-06-11,10,KGHM,PLKGHM000017,22.5,22.7,22,22.6,4.6,113844,281,4015.75,0,0,0,
481,1999-06-14,10,KGHM,PLKGHM000017,22.4,22.5,22.3,22,-2.7,106185,219,3363.14,0,0,0,
482,1999-06-15,10,KGHM,PLKGHM000017,22.3,22.3,22.1,22,0,97247,286,431.25,0,0,0,
483,1999-06-16,10,KGHM,PLKGHM000017,21.3,21.4,21.1,21.8,-0.9,28097,148,117.25,0,0,0,
484,1999-06-17,10,KGHM,PLKGHM000017,22.2,22.9,22.2,21.6,-0.9,268820,276,8274.9,0,0,0,
485,1999-06-18,10,KGHM,PLKGHM000017,24,24.5,23.7,23.7,9.7,115021,348,4160.35,0,0,0,
486,1999-06-21,10,KGHM,PLKGHM000017,22.9,23.1,22.9,23.7,0,42630,262,287.6,0,0,0,
487,1999-06-22,10,KGHM,PLKGHM000017,24.4,24.5,22.3,24.4,3,181163,547,7083.95,0,0,0,
488,1999-06-23,10,KGHM,PLKGHM000017,23.4,23.5,23,23.8,-2.5,163387,294,6135.02,0,0,0,
489,1999-06-24,10,KGHM,PLKGHM000017,22.6,22.6,22.2,23,-3.4,184586,250,7720.46,0,0,0,
490,1999-06-25,10,KGHM,PLKGHM000017,24.4,24.8,24.1,24,4.3,297747,459,7535.86,0,0,0,
491,1999-06-28,10,KGHM,PLKGHM000017,25.4,25.7,25,25.2,5,230646,738,9973.96,0,0,0,
492,1999-06-29,10,KGHM,PLKGHM000017,24.2,24.8,24.2,25.1,-0.4,133136,613,6432.43,0,0,0,
493,1999-06-30,10,KGHM,PLKGHM000017,24.1,25.7,24.1,24.7,-1.6,101660,40,2947.2,0,0,0,
494,1999-07-01,10,KGHM,PLKGHM000017,27.6,27.6,26.5,27,9.3,344263,98,5381.6,0,0,0,
495,1999-07-02,10,KGHM,PLKGHM000017,26.5,26.5,26.1,27,0,180760,1125,7682.04,0,0,0,
496,1999-07-05,10,KGHM,PLKGHM000017,24.1,25,24.1,25.2,-6.7,155517,367,6666.26,0,0,0,
497,1999-07-06,10,KGHM,PLKGHM000017,24,24.2,23.8,23.8,-5.6,146025,321,706.7,0,0,0,
498,1999-07-07,10,KGHM,PLKGHM000017,23,23.6,23,21.5,-9.7,2134689,3867,77461.88,0,0,0,
499,1999-07-08,10,KGHM,PLKGHM000017,24.5,25.8,24.5,23.5,9.3,1881839,441,75991.43,0,0,0,
500,1999-07-09,10,KGHM,PLKGHM000017,29.1,29.3,28.2,25.8,9.8,1412872,3250,46356,0,0,0,
501,1999-07-12,10,KGHM,PLKGHM000017,28.5,28.7,28.3,28,8.5,973035,2626,36443.96,0,0,0,
502,1999-07-13,10,KGHM,PLKGHM000017,27.5,28,27.4,27.7,-1.1,558865,1579,9468.85,0,0,0,
503,1999-07-14,10,KGHM,PLKGHM000017,27,28.5,26.5,27,-2.5,478245,1373,6643.15,0,0,0,
504,1999-07-15,10,KGHM,PLKGHM000017,28.4,29,28.4,27.9,3.3,564216,1234,17254.25,0,0,0,
505,1999-07-16,10,KGHM,PLKGHM000017,28,28.1,27.5,28,0.4,714930,2083,4715.65,0,0,0,
506,1999-07-19,10,KGHM,PLKGHM000017,27,27.8,27,27.5,-1.8,209434,664,8232.62,0,0,0,
507,1999-07-20,10,KGHM,PLKGHM000017,28,28,27.7,27.5,0,363944,890,4656.6,0,0,0,
508,1999-07-21,10,KGHM,PLKGHM000017,26.7,27,26.7,27,-1.8,174334,575,7834.54,0,0,0,
509,1999-07-22,10,KGHM,PLKGHM000017,26.7,26.7,26,26.9,-0.4,174552,397,5880.45,0,0,0,
510,1999-07-23,10,KGHM,PLKGHM000017,25.3,25.7,24.8,25,-7.1,98202,443,3610.1,0,0,0,
511,1999-07-26,10,KGHM,PLKGHM000017,23.8,24.5,23.6,25,0,114572,429,4491.1,0,0,0,
512,1999-07-27,10,KGHM,PLKGHM000017,24.9,25.6,24.9,24.9,-0.4,177447,403,7156.11,0,0,0,
513,1999-07-28,10,KGHM,PLKGHM000017,25.3,25.5,25.3,25.2,1.2,180340,409,8446.54,0,0,0,
514,1999-07-29,10,KGHM,PLKGHM000017,25,25.6,25,25.3,0.4,104737,293,3769.04,0,0,0,
515,1999-07-30,10,KGHM,PLKGHM000017,26.3,26.4,25.9,26,2.8,138839,434,5932.63,0,0,0,
516,1999-08-02,10,KGHM,PLKGHM000017,25,26.2,25,25.6,-1.5,72635,210,2059.8,0,0,0,
517,1999-08-03,10,KGHM,PLKGHM000017,26.1,26.2,25.3,26,1.6,129068,453,684.15,0,0,0,
518,1999-08-04,10,KGHM,PLKGHM000017,25,25.6,25,25,-3.8,99879,285,593.4,0,0,0,
519,1999-08-05,10,KGHM,PLKGHM000017,25.6,26,25.6,25.6,2.4,118314,300,5059.28,0,0,0,
520,1999-08-06,10,KGHM,PLKGHM000017,26.5,26.9,25.6,26,1.6,254446,633,1837.25,0,0,0,
521,1999-08-09,10,KGHM,PLKGHM000017,25.5,26.9,25.5,26,0,138712,416,4600.02,0,0,0,
522,1999-08-10,10,KGHM,PLKGHM000017,25.1,25.1,24.8,25.2,-3.1,64954,420,473.55,0,0,0,
523,1999-08-11,10,KGHM,PLKGHM000017,24.9,25.3,24.9,25,-0.8,52523,217,828.15,0,0,0,
524,1999-08-12,10,KGHM,PLKGHM000017,25.5,25.7,25.1,25,0,109451,306,4160.05,0,0,0,
525,1999-08-13,10,KGHM,PLKGHM000017,25.6,25.7,25.1,25.5,2,175915,376,6281.42,0,0,0,
526,1999-08-16,10,KGHM,PLKGHM000017,25.4,25.5,25.1,25.5,0,94409,407,616.4,0,0,0,
527,1999-08-17,10,KGHM,PLKGHM000017,24.9,25.1,24.9,25.1,-1.6,116560,392,5449.71,0,0,0,
528,1999-08-18,10,KGHM,PLKGHM000017,24.4,24.9,24.3,24.7,-1.6,103173,275,752.9,0,0,0,
529,1999-08-19,10,KGHM,PLKGHM000017,25,25,24.5,25,1.2,85846,319,743.55,0,0,0,
530,1999-08-20,10,KGHM,PLKGHM000017,24.6,24.7,24.3,24.7,-1.2,69721,215,381.15,0,0,0,
531,1999-08-23,10,KGHM,PLKGHM000017,25,25.6,25,25,1.2,247296,517,8527.3,0,0,0,
532,1999-08-24,10,KGHM,PLKGHM000017,25.4,25.6,25.4,25.3,1.2,213748,535,8108.55,0,0,0,
533,1999-08-25,10,KGHM,PLKGHM000017,25.5,26.1,25.5,25.5,0.8,164905,569,4903.91,0,0,0,
534,1999-08-26,10,KGHM,PLKGHM000017,25.9,25.9,25.5,26,2,274363,822,1413.45,0,0,0,
535,1999-08-27,10,KGHM,PLKGHM000017,26,26.4,26,25.8,-0.8,164179,468,4937.04,0,0,0,
536,1999-08-30,10,KGHM,PLKGHM000017,26.1,26.5,25.9,26.1,1.2,142277,82,5652.06,0,0,0,
537,1999-08-31,10,KGHM,PLKGHM000017,25.5,25.6,25.5,25.7,-1.5,144669,363,5328.59,0,0,0,
538,1999-09-01,10,KGHM,PLKGHM000017,25.6,25.9,25.5,25.6,-0.4,197036,339,7630.64,0,0,0,
539,1999-09-02,10,KGHM,PLKGHM000017,25.8,26,25.7,26,1.6,465055,744,981.95,0,0,0,
540,1999-09-03,10,KGHM,PLKGHM000017,25.5,26.3,25.5,26,0,198774,486,7870.85,0,0,0,
541,1999-09-06,10,KGHM,PLKGHM000017,25.6,25.9,25.5,26,0,278579,838,13381.11,0,0,0,
542,1999-09-07,10,KGHM,PLKGHM000017,25.1,25.4,25.1,25.2,-3.1,148885,333,6130.4,0,0,0,
543,1999-09-08,10,KGHM,PLKGHM000017,25.5,25.8,25.5,26,3.2,212527,972,7437.4,0,0,0,
544,1999-09-09,10,KGHM,PLKGHM000017,25.7,26,25.5,25.4,-2.3,141542,265,4794.35,0,0,0,
545,1999-09-10,10,KGHM,PLKGHM000017,25.6,26,25.6,26,2.4,107801,1033,4539.65,0,0,0,
546,1999-09-13,10,KGHM,PLKGHM000017,25.6,25.8,25.6,25.9,-0.4,154448,293,6744.26,0,0,0,
547,1999-09-14,10,KGHM,PLKGHM000017,25.4,25.6,24.8,25.7,-0.8,197815,434,5554.54,0,0,0,
548,1999-09-15,10,KGHM,PLKGHM000017,24.2,25.5,24.2,24.9,-3.1,200519,588,6064.1,0,0,0,
549,1999-09-16,10,KGHM,PLKGHM000017,24.6,25.4,24.6,25,0.4,252400,444,7157.5,0,0,0,
550,1999-09-17,10,KGHM,PLKGHM000017,25,25.7,25,25.2,0.8,184076,372,7034.63,0,0,0,
551,1999-09-20,10,KGHM,PLKGHM000017,25.4,25.4,24.9,25.5,1.2,173751,441,931.2,0,0,0,
552,1999-09-21,10,KGHM,PLKGHM000017,24.5,24.8,24.5,24,-5.9,141953,338,3980.55,0,0,0,
553,1999-09-22,10,KGHM,PLKGHM000017,24,24,23.6,24,0,88197,225,819.75,0,0,0,
554,1999-09-23,10,KGHM,PLKGHM000017,23.5,23.8,22.8,23.4,-2.5,279340,366,9715.21,0,0,0,
555,1999-09-24,10,KGHM,PLKGHM000017,22.6,22.6,21.5,22.3,-4.7,87552,307,915.15,0,0,0,
556,1999-09-27,10,KGHM,PLKGHM000017,22.5,23.4,22.5,22.3,0,154823,272,5132.26,0,0,0,
557,1999-09-28,10,KGHM,PLKGHM000017,23.2,23.2,23,23,3.1,292225,376,2381.75,0,0,0,
558,1999-09-29,10,KGHM,PLKGHM000017,22.9,23.3,22.8,23.1,0.4,128331,276,4519.79,0,0,0,
559,1999-09-30,10,KGHM,PLKGHM000017,23,23.2,22.9,23,-0.4,226088,280,9917.05,0,0,0,
560,1999-10-01,10,KGHM,PLKGHM000017,23.2,23.3,23,23,0,205818,276,7558.63,0,0,0,
561,1999-10-04,10,KGHM,PLKGHM000017,23.1,23.7,23.1,23,0,171265,368,6741.99,0,0,0,
562,1999-10-05,10,KGHM,PLKGHM000017,23.7,24,23.7,23.5,2.2,196476,298,7523.57,0,0,0,
563,1999-10-06,10,KGHM,PLKGHM000017,23.2,23.8,23.2,23.6,0.4,87868,270,2226.33,0,0,0,
564,1999-10-07,10,KGHM,PLKGHM000017,23.6,23.8,23.3,23.6,0,78734,208,618.68,0,0,0,
565,1999-10-08,10,KGHM,PLKGHM000017,23.4,23.7,23.4,23.5,-0.4,166129,253,4748.36,0,0,0,
566,1999-10-11,10,KGHM,PLKGHM000017,22.5,23,22.5,23.5,0,161359,326,5304.37,0,0,0,
567,1999-10-12,10,KGHM,PLKGHM000017,22.4,22.7,22.3,22.7,-3.4,141176,353,5147.27,0,0,0,
568,1999-10-13,10,KGHM,PLKGHM000017,22.5,23.2,22.5,22.5,-0.9,258928,359,9252.76,0,0,0,
569,1999-10-14,10,KGHM,PLKGHM000017,22.8,23,22.6,22.5,0,104592,297,944.64,0,0,0,
570,1999-10-15,10,KGHM,PLKGHM000017,22.9,23,22.5,22.9,1.8,334106,344,8418.31,0,0,0,
571,1999-10-18,10,KGHM,PLKGHM000017,22,22.6,22,22.4,-2.2,137006,471,3996.43,0,0,0,
572,1999-10-19,10,KGHM,PLKGHM000017,22.5,22.7,22.5,22.6,0.9,119448,324,645.82,0,0,0,
573,1999-10-20,10,KGHM,PLKGHM000017,22.8,23,22.6,22.8,0.9,293892,399,7649.64,0,0,0,
574,1999-10-21,10,KGHM,PLKGHM000017,23.2,23.4,22.9,23.2,1.8,201155,496,4916.31,0,0,0,
575,1999-10-22,10,KGHM,PLKGHM000017,23,23.3,22.8,23,-0.9,64593,296,895.14,0,0,0,
576,1999-10-25,10,KGHM,PLKGHM000017,22.9,23,22.7,23,0,61010,316,510.42,0,0,0,
577,1999-10-26,10,KGHM,PLKGHM000017,22.6,23,22.5,23,0,60453,278,608.88,0,0,0,
578,1999-10-27,10,KGHM,PLKGHM000017,22.5,23,22.5,22.8,-0.9,50786,196,652.1,0,0,0,
579,1999-10-28,10,KGHM,PLKGHM000017,22.7,23.4,22.7,23,0.9,103460,337,3599.96,0,0,0,
580,1999-10-29,10,KGHM,PLKGHM000017,23.1,24,23.1,23.6,2.6,199357,388,5473.17,0,0,0,
581,1999-11-02,10,KGHM,PLKGHM000017,23.5,23.7,23.3,24,1.7,86467,337,878.42,0,0,0,
582,1999-11-03,10,KGHM,PLKGHM000017,23.4,24.8,23.4,23.5,-2.1,140302,482,3572.09,0,0,0,
583,1999-11-04,10,KGHM,PLKGHM000017,24.2,24.4,24.1,24.5,4.3,223004,657,9422.9,0,0,0,
584,1999-11-05,10,KGHM,PLKGHM000017,24,24.7,23.7,24.1,-1.6,201302,377,5885.32,0,0,0,
585,1999-11-08,10,KGHM,PLKGHM000017,24.1,24.5,24,24.3,0.8,131093,427,3508.58,0,0,0,
586,1999-11-09,10,KGHM,PLKGHM000017,24.6,25.1,24.3,24.4,0.4,207851,429,6895.3,0,0,0,
587,1999-11-10,10,KGHM,PLKGHM000017,24.2,24.3,23.7,24,-1.6,161924,335,5660.35,0,0,0,
588,1999-11-15,10,KGHM,PLKGHM000017,22.8,23.1,22.6,23.2,-3.3,289379,493,7006.76,0,0,0,
589,1999-11-16,10,KGHM,PLKGHM000017,23,23.4,23,23,-0.9,43496,262,485.72,0,0,0,
590,1999-11-17,10,KGHM,PLKGHM000017,23.3,23.6,22.9,23.4,1.7,226958,315,5511.07,0,0,0,
591,1999-11-18,10,KGHM,PLKGHM000017,23.1,23.6,23.1,23,-1.7,135341,286,4670.89,0,0,0,
592,1999-11-19,10,KGHM,PLKGHM000017,23.1,23.7,23,23.3,1.3,166694,320,5908.6,0,0,0,
593,1999-11-22,10,KGHM,PLKGHM000017,23.4,23.8,23.3,23.7,1.7,104179,108,3734.12,0,0,0,
594,1999-11-23,10,KGHM,PLKGHM000017,23,23.4,23,23,-3,86496,422,899.18,0,0,0,
595,1999-11-24,10,KGHM,PLKGHM000017,23.3,23.6,23.2,23.3,1.3,259034,395,6826.7,0,0,0,
596,1999-11-25,10,KGHM,PLKGHM000017,23.7,24.3,23.5,23.5,0.9,147068,438,4266.1,0,0,0,
597,1999-11-26,10,KGHM,PLKGHM000017,23.7,23.8,23.4,24,2.1,131402,91,4876.9,0,0,0,
598,1999-11-29,10,KGHM,PLKGHM000017,23.5,23.5,23,23.6,-1.7,124027,100,3026.79,0,0,0,
599,1999-11-30,10,KGHM,PLKGHM000017,23.5,23.8,23.4,23.3,-1.3,94496,327,3205.89,0,0,0,
600,1999-12-01,10,KGHM,PLKGHM000017,23.6,24.6,23.6,23.7,1.7,585743,752,14168.2,0,0,0,
601,1999-12-02,10,KGHM,PLKGHM000017,24.5,24.6,23.9,24.3,2.5,218649,719,7457.62,0,0,0,
602,1999-12-03,10,KGHM,PLKGHM000017,23.8,24.2,23.7,24,-1.2,75271,353,1911.56,0,0,0,
603,1999-12-06,10,KGHM,PLKGHM000017,24.3,24.4,24.1,24.2,0.8,118847,479,3143.43,0,0,0,
604,1999-12-07,10,KGHM,PLKGHM000017,24.1,24.5,24.1,24.1,-0.4,133883,449,3481.28,0,0,0,
605,1999-12-08,10,KGHM,PLKGHM000017,25.1,25.2,24.2,24.5,1.7,291515,737,7532.04,0,0,0,
606,1999-12-09,10,KGHM,PLKGHM000017,24.2,24.7,24.2,24.6,0.4,186050,555,4708.88,0,0,0,
607,1999-12-10,10,KGHM,PLKGHM000017,24.5,24.5,23.9,24.6,0,264333,617,7578.42,0,0,0,
608,1999-12-13,10,KGHM,PLKGHM000017,24,24.3,23.8,24.4,-0.8,148886,201,3936.72,0,0,0,
609,1999-12-14,10,KGHM,PLKGHM000017,23.6,23.6,23.3,23.3,-4.5,416492,754,7316.5,0,0,0,
610,1999-12-15,10,KGHM,PLKGHM000017,23.3,23.3,22.9,23.5,0.9,261986,457,7730.84,0,0,0,
611,1999-12-16,10,KGHM,PLKGHM000017,23.1,23.4,23,23.2,-1.3,111926,349,2989.37,0,0,0,
612,1999-12-17,10,KGHM,PLKGHM000017,23.5,24,23.4,23.5,1.3,189317,402,4841.8,0,0,0,
613,1999-12-20,10,KGHM,PLKGHM000017,23.6,23.8,23.5,23.8,1.3,94182,350,2807.54,0,0,0,
614,1999-12-21,10,KGHM,PLKGHM000017,23.8,24.4,23.6,23.6,-0.8,288944,542,6903.3,0,0,0,
615,1999-12-22,10,KGHM,PLKGHM000017,25,25.9,25,24.6,4.2,294126,818,4616.24,0,0,0,
616,1999-12-23,10,KGHM,PLKGHM000017,26,26.7,26,25.6,4.1,358869,1074,9386.4,0,0,0,
617,1999-12-27,10,KGHM,PLKGHM000017,27,27.3,25.9,26.6,3.9,340681,892,7052.76,0,0,0,
618,1999-12-28,10,KGHM,PLKGHM000017,25.8,26.3,25.8,26.4,-0.8,213884,709,5867.9,0,0,0,
619,1999-12-29,10,KGHM,PLKGHM000017,26,26.3,25.8,26,-1.5,209769,746,7039.19,0,0,0,
620,2000-01-03,10,KGHM,PLKGHM000017,27.6,27.7,26.6,26.7,5.8,316036,741,9797.48,0,0,0,
621,2000-01-04,10,KGHM,PLKGHM000017,26,26.1,25.2,25.5,-3.6,430589,706,9889.22,0,0,0,
622,2000-01-05,10,KGHM,PLKGHM000017,25,25.4,24.8,25.1,-6.4,325370,568,9091.36,0,0,0,
623,2000-01-06,10,KGHM,PLKGHM000017,24.8,26.2,24.8,26,0.8,351632,554,7096.6,0,0,0,
624,2000-01-07,10,KGHM,PLKGHM000017,27.2,28.5,26.9,27.9,6,845487,1230,7329.21,0,0,0,
625,2000-01-10,10,KGHM,PLKGHM000017,28.8,29.7,28.4,28.6,6,1036131,799,34800.72,0,0,0,
626,2000-01-11,10,KGHM,PLKGHM000017,27.8,28.5,27.4,27.7,0.7,570683,541,17279.02,0,0,0,
627,2000-01-12,10,KGHM,PLKGHM000017,27.8,28,27.6,27.9,-1.8,330856,185,3776.02,0,0,0,
628,2000-01-13,10,KGHM,PLKGHM000017,30,31.5,29.8,30.5,4,1360497,1331,53051.58,0,0,0,
629,2000-01-14,10,KGHM,PLKGHM000017,30.8,31.3,30.4,30.7,5.2,1801483,3903,56865.21,0,0,0,
630,2000-01-17,10,KGHM,PLKGHM000017,30,30.8,30,30.7,0.3,567307,635,19062.93,0,0,0,
631,2000-01-18,10,KGHM,PLKGHM000017,30.4,30.8,29.1,29.9,-1,841534,454,37558.45,0,0,0,
632,2000-01-19,10,KGHM,PLKGHM000017,29,29.5,28.8,29.3,-3,422352,891,13840.15,0,0,0,
633,2000-01-20,10,KGHM,PLKGHM000017,29.2,30.9,29.2,30.3,0.7,955301,359,31429.6,0,0,0,
634,2000-01-21,10,KGHM,PLKGHM000017,30.3,30.9,30.3,30.9,1.7,523086,1355,16130.16,0,0,0,
635,2000-01-24,10,KGHM,PLKGHM000017,30.1,30.4,29.7,30,2.7,426864,1143,13666.82,0,0,0,
636,2000-01-25,10,KGHM,PLKGHM000017,29,29.3,28.4,29.2,-5.2,485431,679,14771.17,0,0,0,
637,2000-01-26,10,KGHM,PLKGHM000017,29.9,30.3,29.6,29.9,1.4,374934,598,8506.09,0,0,0,
638,2000-01-27,10,KGHM,PLKGHM000017,29.7,30.2,29.6,30.2,0.3,182504,386,6692,0,0,0,
639,2000-01-28,10,KGHM,PLKGHM000017,30,30.2,29.2,29.7,0.3,397962,250,7924.54,0,0,0,
640,2000-01-31,10,KGHM,PLKGHM000017,29.3,29.3,28.9,29.2,-1.7,215350,384,6341.65,0,0,0,
641,2000-02-01,10,KGHM,PLKGHM000017,30,30.3,29.1,29.6,0.7,462099,757,16289.9,0,0,0,
642,2000-02-02,10,KGHM,PLKGHM000017,29.1,29.7,29.1,29.6,0,322352,454,4770.27,0,0,0,
643,2000-02-03,10,KGHM,PLKGHM000017,30.2,31,30.1,30.3,0.3,400332,359,3808.45,0,0,0,
644,2000-02-04,10,KGHM,PLKGHM000017,30.5,30.9,29.4,30.2,3,688076,237,24099.64,0,0,0,
645,2000-02-07,10,KGHM,PLKGHM000017,29.6,29.8,29.3,29.7,-1.6,321617,128,8635.5,0,0,0,
646,2000-02-08,10,KGHM,PLKGHM000017,29.8,30.2,29.5,30.2,-0.7,231610,140,7441.66,0,0,0,
647,2000-02-09,10,KGHM,PLKGHM000017,31.3,31.6,29.5,30,1.7,624645,1126,26735.2,0,0,0,
648,2000-02-10,10,KGHM,PLKGHM000017,29.3,29.9,29.3,29.9,-3.3,496950,444,7073.02,0,0,0,
649,2000-02-11,10,KGHM,PLKGHM000017,30,30,29.5,29.7,2.4,394001,673,7215.06,0,0,0,
650,2000-02-14,10,KGHM,PLKGHM000017,29,29.5,29,29.4,-1.7,337727,363,6384.15,0,0,0,
651,2000-02-15,10,KGHM,PLKGHM000017,29.6,29.8,29.4,29.8,1,186336,367,7276.33,0,0,0,
652,2000-02-16,10,KGHM,PLKGHM000017,29.4,29.8,29.4,29.8,0.7,304629,831,4292.75,0,0,0,
653,2000-02-17,10,KGHM,PLKGHM000017,29.8,31.1,29.8,30,0.7,503450,665,16821.95,0,0,0,
654,2000-02-18,10,KGHM,PLKGHM000017,31,31,30.2,30.6,-0.3,717109,820,21913.35,0,0,0,
655,2000-02-21,10,KGHM,PLKGHM000017,29.5,29.5,29,29.2,-3.7,291358,427,4703.3,0,0,0,
656,2000-02-22,10,KGHM,PLKGHM000017,29.8,29.8,29.1,29.4,2.8,241346,421,8332.7,0,0,0,
657,2000-02-23,10,KGHM,PLKGHM000017,30.5,33,30.1,31.4,0.7,1296546,1596,68321.7,0,0,0,
658,2000-02-24,10,KGHM,PLKGHM000017,33.6,34.5,31.7,33.1,6.7,1698866,3585,71137.35,0,0,0,
659,2000-02-25,10,KGHM,PLKGHM000017,33.9,34.7,33.2,33.4,10,1481664,2498,56701.15,0,0,0,
660,2000-02-28,10,KGHM,PLKGHM000017,31.8,33.6,31.8,33.2,-6.5,774528,1224,27545.65,0,0,0,
661,2000-02-29,10,KGHM,PLKGHM000017,33.1,33.2,32.5,32.8,1.8,632165,878,23390.9,0,0,0,
662,2000-03-01,10,KGHM,PLKGHM000017,32.4,33.2,32.4,33.1,-2.1,854133,644,37515.52,0,0,0,
663,2000-03-02,10,KGHM,PLKGHM000017,32.5,33,32.2,32.5,-0.6,410695,573,9287.41,0,0,0,
664,2000-03-03,10,KGHM,PLKGHM000017,33,33,32.6,32.9,0,371983,432,8214.09,0,0,0,
665,2000-03-06,10,KGHM,PLKGHM000017,32.8,32.8,32.1,32.2,1.5,312075,695,4438.6,0,0,0,
666,2000-03-07,10,KGHM,PLKGHM000017,31,31.8,31,31.2,-3.9,204367,492,8828.45,0,0,0,
667,2000-03-08,10,KGHM,PLKGHM000017,30.5,31.2,30.5,30.8,-4.1,539054,688,19695.7,0,0,0,
668,2000-03-09,10,KGHM,PLKGHM000017,30.2,30.4,29.5,29.5,1.6,319969,763,6957.58,0,0,0,
669,2000-03-10,10,KGHM,PLKGHM000017,29.8,30.3,29.5,29.8,-3.9,556531,871,20213.4,0,0,0,
670,2000-03-13,10,KGHM,PLKGHM000017,28.8,28.8,26.6,27.2,-4.4,319427,696,7391.59,0,0,0,
671,2000-03-14,10,KGHM,PLKGHM000017,28.5,32.7,27.6,31.9,-2.1,1333709,1754,74182.65,0,0,0,
672,2000-03-15,10,KGHM,PLKGHM000017,32.1,32.8,31.1,31.4,9.7,1056247,2212,56377.9,0,0,0,
673,2000-03-16,10,KGHM,PLKGHM000017,31.5,32.4,31.5,31.9,7.8,649228,1228,27042.05,0,0,0,
674,2000-03-17,10,KGHM,PLKGHM000017,31.9,32,31.2,31.2,-0.6,383731,631,14243.65,0,0,0,
675,2000-03-20,10,KGHM,PLKGHM000017,31.7,31.7,31.2,31.4,-5.2,361707,755,11457.68,0,0,0,
676,2000-03-21,10,KGHM,PLKGHM000017,30.9,30.9,30.4,30.5,0.3,127741,553,4445.44,0,0,0,
677,2000-03-22,10,KGHM,PLKGHM000017,31,31.1,30.5,31,1.9,190841,358,6894.15,0,0,0,
678,2000-03-23,10,KGHM,PLKGHM000017,31.5,31.5,30.8,31,-2.5,235541,379,4304.05,0,0,0,
679,2000-03-24,10,KGHM,PLKGHM000017,30.7,31.8,30.7,31.7,1.6,271826,511,5281.04,0,0,0,
680,2000-03-27,10,KGHM,PLKGHM000017,32.5,32.5,32.2,32.3,3.2,402090,635,7475.55,0,0,0,
681,2000-03-28,10,KGHM,PLKGHM000017,32.3,32.7,32.3,32.5,-0.6,305443,506,8284.15,0,0,0,
682,2000-03-29,10,KGHM,PLKGHM000017,32.7,33.1,32.4,32.7,0.6,364386,507,8266.35,0,0,0,
683,2000-03-30,10,KGHM,PLKGHM000017,32,32,30.4,30.5,-0.9,252064,420,4463.82,0,0,0,
684,2000-03-31,10,KGHM,PLKGHM000017,30.4,31.3,30.1,31.3,-6.5,365500,527,11137,0,0,0,
685,2000-04-03,10,KGHM,PLKGHM000017,30.7,30.9,30.2,30.4,4.7,155622,505,6893.59,0,0,0,
686,2000-04-04,10,KGHM,PLKGHM000017,30,30.6,29.3,30.2,-4.8,167911,454,6210.66,0,0,0,
687,2000-04-05,10,KGHM,PLKGHM000017,29.8,29.8,29,29.3,0.7,177158,457,5499.9,0,0,0,
688,2000-04-06,10,KGHM,PLKGHM000017,30.6,30.6,30.1,30.5,-0.7,85162,298,2811.72,0,0,0,
689,2000-04-07,10,KGHM,PLKGHM000017,30.2,30.3,29.8,30.1,1.7,217336,638,8225,0,0,0,
690,2000-04-10,10,KGHM,PLKGHM000017,29.5,29.9,29.4,29.5,-1.6,169541,297,6170.46,0,0,0,
691,2000-04-11,10,KGHM,PLKGHM000017,28.8,29,28.3,28.5,-3.3,134322,344,4142.48,0,0,0,
692,2000-04-12,10,KGHM,PLKGHM000017,29.7,29.7,29.2,29.3,1,207584,320,7230.3,0,0,0,
693,2000-04-13,10,KGHM,PLKGHM000017,28.3,28.7,28.3,28.7,-2.7,195076,335,7089.43,0,0,0,
694,2000-04-14,10,KGHM,PLKGHM000017,28.5,29.1,28.2,28.4,1.4,261881,337,9015.7,0,0,0,
695,2000-04-17,10,KGHM,PLKGHM000017,25.6,26.4,24.7,25.9,-9.7,487692,952,12685.98,0,0,0,
696,2000-04-18,10,KGHM,PLKGHM000017,26.9,26.9,26,26.8,5.4,340389,770,7418.9,0,0,0,
697,2000-04-19,10,KGHM,PLKGHM000017,26.5,26.8,25.9,26,-1.5,302795,537,9007.77,0,0,0,
698,2000-04-20,10,KGHM,PLKGHM000017,26.3,26.6,26.3,26.5,-3,165185,380,6021.91,0,0,0,
699,2000-04-25,10,KGHM,PLKGHM000017,27,27.5,27,27.4,3.8,145358,367,5377.14,0,0,0,
700,2000-04-26,10,KGHM,PLKGHM000017,28.4,28.9,28.4,28.5,3.3,174801,322,5143.74,0,0,0,
701,2000-04-27,10,KGHM,PLKGHM000017,28.5,29.3,27.8,28.5,2.1,203555,356,6784.82,0,0,0,
702,2000-04-28,10,KGHM,PLKGHM000017,29.6,30,29.2,30,2.1,151858,328,5042.57,0,0,0,
703,2000-05-04,10,KGHM,PLKGHM000017,30,30.4,29.5,30.1,2,341089,785,6734.1,0,0,0,
704,2000-05-05,10,KGHM,PLKGHM000017,29.5,30.3,29.2,29.8,0,120707,452,4207.14,0,0,0,
705,2000-05-08,10,KGHM,PLKGHM000017,29.5,29.8,29.2,29.5,0,261457,499,8049.42,0,0,0,
706,2000-05-09,10,KGHM,PLKGHM000017,30,30.1,29.7,29.9,0,127721,395,5257.26,0,0,0,
707,2000-05-10,10,KGHM,PLKGHM000017,30.9,31.8,30.8,31.8,2,183736,488,8250.36,0,0,0,
708,2000-05-11,10,KGHM,PLKGHM000017,31.3,32,31.1,31.9,0.7,214525,508,7584.5,0,0,0,
709,2000-05-12,10,KGHM,PLKGHM000017,30.5,32.1,30.5,31.7,2.9,189971,540,6477.64,0,0,0,
710,2000-05-15,10,KGHM,PLKGHM000017,31.2,31.6,30.8,31.4,-0.3,96674,342,3139.4,0,0,0,
711,2000-05-16,10,KGHM,PLKGHM000017,31.5,33.3,31,33,0.6,229168,572,9836.7,0,0,0,
712,2000-05-17,10,KGHM,PLKGHM000017,32,32.5,32,32.5,2.2,314826,849,7625.04,0,0,0,
713,2000-05-18,10,KGHM,PLKGHM000017,32.3,32.4,32.1,32.2,-0.9,228502,376,7837.61,0,0,0,
714,2000-05-19,10,KGHM,PLKGHM000017,32.2,32.7,31.8,32.7,0,340333,518,9568.44,0,0,0,
715,2000-05-22,10,KGHM,PLKGHM000017,32,32.6,32,32.3,1.6,134690,416,4786.63,0,0,0,
716,2000-05-23,10,KGHM,PLKGHM000017,32,32.1,31.2,31.4,-1.8,266054,506,6280.28,0,0,0,
717,2000-05-24,10,KGHM,PLKGHM000017,30.3,30.7,30.2,30.6,-6.5,285252,492,4817.4,0,0,0,
718,2000-05-25,10,KGHM,PLKGHM000017,30.8,31.3,30.6,31.3,2.3,248999,451,4658.58,0,0,0,
719,2000-05-26,10,KGHM,PLKGHM000017,30.8,31.3,30.8,31.1,0.3,173782,286,6935.05,0,0,0,
720,2000-05-29,10,KGHM,PLKGHM000017,31.2,32,31,31.6,0.6,148381,525,6415.82,0,0,0,
721,2000-05-30,10,KGHM,PLKGHM000017,31.5,31.6,30.8,31.3,1.6,294141,347,5759.44,0,0,0,
722,2000-05-31,10,KGHM,PLKGHM000017,31.5,31.8,31.3,31.3,1.6,331293,444,7365,0,0,0,
723,2000-06-01,10,KGHM,PLKGHM000017,31.8,32,31.6,31.8,0,284160,484,4494.82,0,0,0,
724,2000-06-02,10,KGHM,PLKGHM000017,31.8,31.9,31.3,31.8,0,200868,459,6737.15,0,0,0,
725,2000-06-05,10,KGHM,PLKGHM000017,31.5,31.7,31.4,31.6,0,180645,417,6472.06,0,0,0,
726,2000-06-06,10,KGHM,PLKGHM000017,30.8,31.8,30.8,31.5,-1.6,105328,302,4625.96,0,0,0,
727,2000-06-07,10,KGHM,PLKGHM000017,31.5,32.3,31.3,32.3,0,125860,266,5169.78,0,0,0,
728,2000-06-08,10,KGHM,PLKGHM000017,32.3,32.3,31.5,32,1.3,70069,218,2894.54,0,0,0,
729,2000-06-09,10,KGHM,PLKGHM000017,31.4,31.9,31.4,31.7,-0.6,46280,137,1659.81,0,0,0,
730,2000-06-12,10,KGHM,PLKGHM000017,31.1,31.5,31.1,31.4,-0.6,30927,120,645.3,0,0,0,
731,2000-06-13,10,KGHM,PLKGHM000017,31.5,31.5,31,31.4,-1.3,73430,141,2707.57,0,0,0,
732,2000-06-14,10,KGHM,PLKGHM000017,31.3,31.6,30.8,30.8,0.6,72570,102,2581.16,0,0,0,
733,2000-06-15,10,KGHM,PLKGHM000017,31,31.6,30.9,31,-1,94115,207,3417.13,0,0,0,
734,2000-06-16,10,KGHM,PLKGHM000017,31.3,31.3,30.9,31,0.3,68989,123,3140.42,0,0,0,
735,2000-06-19,10,KGHM,PLKGHM000017,30.7,30.9,30.6,30.9,-1,105662,143,4703.9,0,0,0,
736,2000-06-20,10,KGHM,PLKGHM000017,31,31.5,30.9,31.5,1,134647,227,4798.54,0,0,0,
737,2000-06-21,10,KGHM,PLKGHM000017,31.6,32.1,31.5,32.1,1.6,78174,293,2918.44,0,0,0,
738,2000-06-23,10,KGHM,PLKGHM000017,32,32.1,31.6,31.9,1.3,71936,465,3519.76,0,0,0,
739,2000-06-26,10,KGHM,PLKGHM000017,31.7,32.9,31.7,32.7,-0.9,159698,454,5512.7,0,0,0,
740,2000-06-27,10,KGHM,PLKGHM000017,32.8,33.5,32.8,32.8,3.2,237717,780,8091.09,0,0,0,
741,2000-06-28,10,KGHM,PLKGHM000017,32.8,32.9,32.6,32.6,0.3,142803,373,5274.44,0,0,0,
742,2000-06-29,10,KGHM,PLKGHM000017,32.6,32.6,32.1,32.1,0,187365,303,6951.3,0,0,0,
743,2000-06-30,10,KGHM,PLKGHM000017,32.1,32.3,32,32.1,-0.6,118614,157,7179.43,0,0,0,
744,2000-07-03,10,KGHM,PLKGHM000017,32.3,32.6,32.2,32.3,-1.2,107294,183,5291.3,0,0,0,
745,2000-07-04,10,KGHM,PLKGHM000017,32.3,32.4,32,32.4,0.3,70658,223,3388.79,0,0,0,
746,2000-07-05,10,KGHM,PLKGHM000017,32.2,32.5,32.2,32.2,0.3,127828,221,4868.29,0,0,0,
747,2000-07-06,10,KGHM,PLKGHM000017,31.9,32.3,31.5,32.3,-1.2,191976,230,9048.06,0,0,0,
748,2000-07-07,10,KGHM,PLKGHM000017,31.4,31.4,31,31.2,-1.3,119269,201,3967,0,0,0,
749,2000-07-10,10,KGHM,PLKGHM000017,31.8,31.8,31.2,31.2,0.3,47864,148,1791.94,0,0,0,
750,2000-07-11,10,KGHM,PLKGHM000017,30.6,30.9,30.5,30.9,-2.2,121248,227,4590.98,0,0,0,
751,2000-07-12,10,KGHM,PLKGHM000017,30.8,31,30.5,30.6,-1.3,178220,333,5656.1,0,0,0,
752,2000-07-13,10,KGHM,PLKGHM000017,30.5,30.6,30.1,30.2,0,448960,337,8712.43,0,0,0,
753,2000-07-14,10,KGHM,PLKGHM000017,30.5,30.5,30.1,30.4,0,408746,358,13172.88,0,0,0,
754,2000-07-17,10,KGHM,PLKGHM000017,30.4,30.7,30.2,30.3,0,358448,300,6532.98,0,0,0,
755,2000-07-18,10,KGHM,PLKGHM000017,31,31.3,30.7,30.7,0,740097,719,35398.7,0,0,0,
756,2000-07-19,10,KGHM,PLKGHM000017,31.5,31.7,31.1,31.2,1.6,134358,312,4960.6,0,0,0,
757,2000-07-20,10,KGHM,PLKGHM000017,31.2,31.3,30.9,31,1.6,372999,462,6073.46,0,0,0,
758,2000-07-21,10,KGHM,PLKGHM000017,32,32,31.7,31.9,1.3,652214,546,21561.44,0,0,0,
759,2000-07-24,10,KGHM,PLKGHM000017,31.5,31.7,31.4,31.4,-0.6,266254,281,6592.56,0,0,0,
760,2000-07-25,10,KGHM,PLKGHM000017,31.1,31.3,30.7,31.2,-1.3,342583,374,7666.81,0,0,0,
761,2000-07-26,10,KGHM,PLKGHM000017,31.2,31.2,30.7,30.8,0,213313,269,9561.44,0,0,0,
762,2000-07-27,10,KGHM,PLKGHM000017,30.4,31.1,29.9,30.2,-1.9,185452,312,9113.48,0,0,0,
763,2000-07-28,10,KGHM,PLKGHM000017,29.9,30.1,29,29.6,-1.9,297442,412,6489.5,0,0,0,
764,2000-07-31,10,KGHM,PLKGHM000017,28.9,29.3,28.8,28.8,-2.3,203699,351,7589.04,0,0,0,
765,2000-08-01,10,KGHM,PLKGHM000017,28.5,28.9,28.2,28.5,-1.7,239680,357,8838.04,0,0,0,
766,2000-08-02,10,KGHM,PLKGHM000017,29,29.4,29,29.2,-0.7,238730,231,7025.92,0,0,0,
767,2000-08-03,10,KGHM,PLKGHM000017,29.2,29.2,28.8,29,1.4,109232,216,3354.03,0,0,0,
768,2000-08-04,10,KGHM,PLKGHM000017,29.4,29.6,29.2,29.4,-0.3,104455,211,4798.88,0,0,0,
769,2000-08-07,10,KGHM,PLKGHM000017,29.3,29.5,29.1,29.4,1.4,71687,183,2713.23,0,0,0,
770,2000-08-08,10,KGHM,PLKGHM000017,29.9,29.9,29.6,29.9,0,184323,249,5812.86,0,0,0,
771,2000-08-09,10,KGHM,PLKGHM000017,30.5,30.9,30.5,30.5,2.7,54585,175,2150.39,0,0,0,
772,2000-08-10,10,KGHM,PLKGHM000017,30.6,30.6,30.3,30.3,0.7,140302,245,4343.32,0,0,0,
773,2000-08-11,10,KGHM,PLKGHM000017,30,30.2,29.8,29.8,-0.7,54035,146,2039.3,0,0,0,
774,2000-08-14,10,KGHM,PLKGHM000017,29.8,30.1,29.5,30,-1.7,26786,94,268.56,0,0,0,
775,2000-08-16,10,KGHM,PLKGHM000017,29.8,30.7,29.7,30.5,1.3,65899,188,2962.14,0,0,0,
776,2000-08-17,10,KGHM,PLKGHM000017,30,30.1,29.5,29.7,-0.3,98578,271,3165.2,0,0,0,
777,2000-08-18,10,KGHM,PLKGHM000017,29.4,29.8,29,29.8,-0.7,117670,239,3928.6,0,0,0,
778,2000-08-21,10,KGHM,PLKGHM000017,29.2,29.7,29.2,29.6,-2.3,104796,196,3235.13,0,0,0,
779,2000-08-22,10,KGHM,PLKGHM000017,29.2,30.1,29.1,30,1,223494,249,7693.25,0,0,0,
780,2000-08-23,10,KGHM,PLKGHM000017,31.2,31.2,30.3,30.7,4.1,373688,328,20936.66,0,0,0,
781,2000-08-24,10,KGHM,PLKGHM000017,30.5,30.6,30.1,30.3,-0.7,104860,276,3393.48,0,0,0,
782,2000-08-25,10,KGHM,PLKGHM000017,30,30.9,30,30.5,0,81889,223,2530.83,0,0,0,
783,2000-08-28,10,KGHM,PLKGHM000017,29.9,30.3,29.9,30.1,0.3,39557,168,1244.96,0,0,0,
784,2000-08-29,10,KGHM,PLKGHM000017,30.2,30.7,30.1,30.7,0.3,102857,229,4804.98,0,0,0,
785,2000-08-30,10,KGHM,PLKGHM000017,31,31.7,31,31.3,0.7,250260,402,4416.23,0,0,0,
786,2000-08-31,10,KGHM,PLKGHM000017,31.4,31.6,31.3,31.4,2.3,206458,375,7764.63,0,0,0,
787,2000-09-01,10,KGHM,PLKGHM000017,31.4,31.4,31,31.4,-0.6,154946,240,5308.64,0,0,0,
788,2000-09-04,10,KGHM,PLKGHM000017,31.3,31.3,30.8,30.8,0,76153,204,3160.78,0,0,0,
789,2000-09-05,10,KGHM,PLKGHM000017,30.5,30.6,30.1,30.2,-2.5,95546,206,3638.1,0,0,0,
790,2000-09-06,10,KGHM,PLKGHM000017,30,30.2,29.7,30.1,-1.3,97804,292,3089.22,0,0,0,
791,2000-09-07,10,KGHM,PLKGHM000017,29.9,30.1,29.8,29.9,-0.7,112179,281,4636.74,0,0,0,
792,2000-09-08,10,KGHM,PLKGHM000017,29.7,29.8,29.3,29.3,0,262383,597,3502.98,0,0,0,
793,2000-09-11,10,KGHM,PLKGHM000017,29.2,29.3,29.1,29.2,-1.7,43980,142,736.32,0,0,0,
794,2000-09-12,10,KGHM,PLKGHM000017,29.8,30.6,29.7,30.5,0,148915,314,4498.08,0,0,0,
795,2000-09-13,10,KGHM,PLKGHM000017,31.2,31.7,31,31.7,5.1,399258,621,12679.8,0,0,0,
796,2000-09-14,10,KGHM,PLKGHM000017,32,32.7,31.5,32.6,2.9,541240,781,18951.15,0,0,0,
797,2000-09-15,10,KGHM,PLKGHM000017,31.8,31.8,31.3,31.7,-1.3,264067,210,6186.02,0,0,0,
798,2000-09-18,10,KGHM,PLKGHM000017,30.8,31.4,30.8,30.9,-1.6,118587,292,4782.12,0,0,0,
799,2000-09-19,10,KGHM,PLKGHM000017,31.3,31.3,30.4,30.6,-0.3,199522,312,8650.54,0,0,0,
800,2000-09-20,10,KGHM,PLKGHM000017,30.4,30.6,30.3,30.3,-0.6,132898,198,4954.86,0,0,0,
801,2000-09-21,10,KGHM,PLKGHM000017,30,30.1,29.5,29.6,-1.6,125672,311,4783.04,0,0,0,
802,2000-09-22,10,KGHM,PLKGHM000017,29,29.6,28.3,28.9,-3.6,198115,331,7350.68,0,0,0,
803,2000-09-25,10,KGHM,PLKGHM000017,29.8,30.1,29.7,29.8,3.4,174001,293,7674.04,0,0,0,
804,2000-09-26,10,KGHM,PLKGHM000017,29.6,29.6,28.8,29.1,-1.7,184947,281,9061.84,0,0,0,
805,2000-09-27,10,KGHM,PLKGHM000017,29.4,29.4,29,29.3,-1.7,172919,302,5401.46,0,0,0,
806,2000-09-28,10,KGHM,PLKGHM000017,28.7,28.8,28,28.6,-0.3,165715,241,4971.04,0,0,0,
807,2000-09-29,10,KGHM,PLKGHM000017,28.7,29.3,28.7,28.7,0.7,77047,152,2385.46,0,0,0,
808,2000-10-02,10,KGHM,PLKGHM000017,28.7,28.9,28.3,28.3,-1.7,222431,248,8611.78,0,0,0,
809,2000-10-03,10,KGHM,PLKGHM000017,27.8,27.9,27,27.5,-2.1,346735,452,7026.97,0,0,0,
810,2000-10-04,10,KGHM,PLKGHM000017,27.1,27.4,26.8,26.9,-2.5,315756,454,6770.28,0,0,0,
811,2000-10-05,10,KGHM,PLKGHM000017,27.4,27.5,26.7,26.9,-0.7,190836,317,7463.76,0,0,0,
812,2000-10-06,10,KGHM,PLKGHM000017,26.5,26.8,26.4,26.4,-1.5,363257,352,5642.7,0,0,0,
813,2000-10-09,10,KGHM,PLKGHM000017,25.5,25.6,24.3,24.6,-3.7,228289,450,6369.12,0,0,0,
814,2000-10-10,10,KGHM,PLKGHM000017,24,24.1,23.2,23.6,-3.9,258609,496,8382.08,0,0,0,
815,2000-10-11,10,KGHM,PLKGHM000017,23,23,22.2,22.8,-8.1,534690,750,9494.56,0,0,0,
816,2000-10-12,10,KGHM,PLKGHM000017,23.8,24.1,23.7,23.7,2.2,425172,423,4425.7,0,0,0,
817,2000-10-13,10,KGHM,PLKGHM000017,23.1,23.8,23.1,23.3,0.9,322101,379,3996.08,0,0,0,
818,2000-10-16,10,KGHM,PLKGHM000017,24.3,25.1,24.1,24.7,4.3,156716,234,5483.88,0,0,0,
819,2000-10-17,10,KGHM,PLKGHM000017,24.8,25.7,24.5,25.4,0.8,164809,258,5545.86,0,0,0,
820,2000-10-18,10,KGHM,PLKGHM000017,25.2,25.2,24,24.2,0.8,224084,283,5877.04,0,0,0,
821,2000-10-19,10,KGHM,PLKGHM000017,25.5,25.6,25,25.2,1.2,189212,254,6024.98,0,0,0,
822,2000-10-20,10,KGHM,PLKGHM000017,25.9,26.1,25.4,26.1,2.4,344459,316,6069.08,0,0,0,
823,2000-10-23,10,KGHM,PLKGHM000017,26.5,26.7,26.4,26.5,2.7,255423,427,2459.96,0,0,0,
824,2000-10-24,10,KGHM,PLKGHM000017,26.1,26.4,25.7,25.8,-0.4,233598,369,8943.32,0,0,0,
825,2000-10-25,10,KGHM,PLKGHM000017,25.4,25.4,24.8,24.9,-3.4,179705,240,6135.56,0,0,0,
826,2000-10-26,10,KGHM,PLKGHM000017,25.7,25.7,25,25,-0.8,209222,176,5762.2,0,0,0,
827,2000-10-27,10,KGHM,PLKGHM000017,25,25.3,24.5,25,0,69809,188,1938.44,0,0,0,
828,2000-10-30,10,KGHM,PLKGHM000017,24.5,24.9,24.5,24.6,-0.8,55081,116,575.46,0,0,0,
829,2000-10-31,10,KGHM,PLKGHM000017,24.9,25.5,24.9,25.2,-1.2,269614,207,8680.69,0,0,0,
830,2000-11-02,10,KGHM,PLKGHM000017,26.1,26.5,25.8,26.4,6,472242,335,12891.74,0,0,0,
831,2000-11-03,10,KGHM,PLKGHM000017,26.7,26.7,26.3,26.5,1.9,257970,243,7704.3,0,0,0,
832,2000-11-06,10,KGHM,PLKGHM000017,26,27.1,26,27,-0.7,315283,312,4450.08,0,0,0,
833,2000-11-07,10,KGHM,PLKGHM000017,27.1,27.5,26.8,27,3.4,394196,414,4290.38,0,0,0,
834,2000-11-08,10,KGHM,PLKGHM000017,27.2,27.2,26.8,26.9,-1.1,119513,137,5157.83,0,0,0,
835,2000-11-09,10,KGHM,PLKGHM000017,26.5,26.6,26,26.2,-1.8,159277,179,6807.27,0,0,0,
836,2000-11-10,10,KGHM,PLKGHM000017,26.4,26.4,25.8,26.1,-1.1,105740,158,4105.92,0,0,0,
837,2000-11-13,10,KGHM,PLKGHM000017,25.4,25.5,25.1,25.5,-3,113524,156,3549.39,0,0,0,
838,2000-11-14,10,KGHM,PLKGHM000017,25.6,26,25.5,26,1.6,229900,197,7638.8,0,0,0,
839,2000-11-15,10,KGHM,PLKGHM000017,26,26.3,25.5,26,0.4,229087,189,7490.02,0,0,0,
840,2000-11-16,10,KGHM,PLKGHM000017,25.7,26.8,25.7,26.7,0,118387,139,5125.36,0,0,0,
841,2000-11-17,10,KGHM,PLKGHM000017,26.3,26.7,25.6,26,-2.62,233557,292,12204.43,0,0,0,
842,2000-11-20,10,KGHM,PLKGHM000017,26.1,26.8,26.1,26.4,1.53,196755,265,10480.23,0,0,0,
843,2000-11-21,10,KGHM,PLKGHM000017,26.5,26.7,26.3,26.6,0.75,147887,166,7848.23,0,0,0,
844,2000-11-22,10,KGHM,PLKGHM000017,26.1,26.4,26,26.2,-1.5,158346,174,8264.65,0,0,0,
845,2000-11-23,10,KGHM,PLKGHM000017,26.1,26.2,25.9,25.9,-1.14,92904,154,4837,0,0,0,
846,2000-11-24,10,KGHM,PLKGHM000017,25.9,26.8,25.9,26.4,1.93,47142,113,2492.12,0,0,0,
847,2000-11-27,10,KGHM,PLKGHM000017,27.5,27.5,26.7,26.9,1.89,147700,234,8046.4,0,0,0,
848,2000-11-28,10,KGHM,PLKGHM000017,26.9,27,26.2,26.5,-1.48,144853,216,7672.96,0,0,0,
849,2000-11-29,10,KGHM,PLKGHM000017,26.1,26.5,25.9,26,-1.88,187889,258,9822.98,0,0,0,
850,2000-11-30,10,KGHM,PLKGHM000017,26,26,25.1,25.1,-3.46,374204,367,19155.58,0,0,0,
851,2000-12-01,10,KGHM,PLKGHM000017,25.3,25.9,25.2,25.5,1.59,246537,316,12540.76,0,0,0,
852,2000-12-04,10,KGHM,PLKGHM000017,25.2,25.6,24.8,25,-1.96,188031,293,9435.1,0,0,0,
853,2000-12-05,10,KGHM,PLKGHM000017,25.6,25.7,25.3,25.4,1.6,88037,157,4474.43,0,0,0,
854,2000-12-06,10,KGHM,PLKGHM000017,25.8,26.2,24.9,25.7,1.18,330925,351,16880.55,0,0,0,
855,2000-12-07,10,KGHM,PLKGHM000017,25.3,26.2,25.3,25.6,-0.38,312151,444,16151.43,0,0,0,
856,2000-12-08,10,KGHM,PLKGHM000017,25.6,25.9,24.9,25.4,-0.78,617517,662,31285.38,0,0,0,
857,2000-12-11,10,KGHM,PLKGHM000017,25.6,25.6,24.8,25,-1.57,385589,541,19335.11,0,0,0,
858,2000-12-12,10,KGHM,PLKGHM000017,25,25.6,24.7,25.6,2.4,568901,706,28382.94,0,0,0,
859,2000-12-13,10,KGHM,PLKGHM000017,25.4,26.9,25.3,26.7,4.29,952772,1141,49596.2,0,0,0,
860,2000-12-14,10,KGHM,PLKGHM000017,26.5,27.5,26,27.3,2.24,1259176,1078,67169.55,0,0,0,
861,2000-12-15,10,KGHM,PLKGHM000017,27.4,28.1,27,27.3,0,945136,980,52287.57,0,0,0,
862,2000-12-18,10,KGHM,PLKGHM000017,27.3,27.6,26.7,26.9,-1.46,640044,607,34474.27,0,0,0,
863,2000-12-19,10,KGHM,PLKGHM000017,26.9,27.4,26.5,27.1,0.74,497744,591,26854.24,0,0,0,
864,2000-12-20,10,KGHM,PLKGHM000017,26.8,26.8,25.8,26.1,-3.69,317872,569,16661.52,0,0,0,
865,2000-12-21,10,KGHM,PLKGHM000017,25.3,25.8,24.9,24.9,-4.59,657526,1005,33468.56,0,0,0,
866,2000-12-22,10,KGHM,PLKGHM000017,25.5,26,25.3,25.9,4.01,276079,459,14172.64,0,0,0,
867,2000-12-27,10,KGHM,PLKGHM000017,26.3,26.6,26,26.1,0.77,184786,424,9735.37,0,0,0,
868,2000-12-28,10,KGHM,PLKGHM000017,26.4,26.5,25.8,25.9,-0.76,330402,434,17303.23,0,0,0,
869,2000-12-29,10,KGHM,PLKGHM000017,25.6,26.1,25.6,25.8,-0.38,136811,231,7089.83,0,0,0,
870,2001-01-02,10,KGHM,PLKGHM000017,25.2,25.7,25,25.3,-1.93,82033,192,4155.79,0,0,0,
871,2001-01-03,10,KGHM,PLKGHM000017,25.2,25.6,24,24.4,-3.55,422834,699,20781.89,0,0,0,
872,2001-01-04,10,KGHM,PLKGHM000017,25,25,24,24.1,-1.22,387699,545,19056.97,0,0,0,
873,2001-01-05,10,KGHM,PLKGHM000017,23.8,24,22.4,22.7,-5.8,1938194,2342,88534.75,0,0,0,
874,2001-01-08,10,KGHM,PLKGHM000017,22.5,22.7,21.5,22,-3.08,1445135,1323,63281.22,0,0,0,
875,2001-01-09,10,KGHM,PLKGHM000017,22.2,22.5,21,22.5,2.27,1338734,1023,58280.41,0,0,0,
876,2001-01-10,10,KGHM,PLKGHM000017,22.3,22.4,21.7,21.9,-2.66,492566,651,21711.99,0,0,0,
877,2001-01-11,10,KGHM,PLKGHM000017,22,22.5,21.7,22.4,2.28,799497,780,35591.01,0,0,0,
878,2001-01-12,10,KGHM,PLKGHM000017,22.6,22.8,22.3,22.6,0.89,699378,670,31595.84,0,0,0,
879,2001-01-15,10,KGHM,PLKGHM000017,22.5,22.9,22,22.2,-1.76,448718,481,20107.67,0,0,0,
880,2001-01-16,10,KGHM,PLKGHM000017,22,22.6,21.9,22.3,0.45,397739,463,17788.37,0,0,0,
881,2001-01-17,10,KGHM,PLKGHM000017,22.5,22.9,22.3,22.6,1.34,364253,435,16448.19,0,0,0,
882,2001-01-18,10,KGHM,PLKGHM000017,22.6,23.6,22.6,23.2,2.65,1320892,887,60888.79,0,0,0,
883,2001-01-19,10,KGHM,PLKGHM000017,24,24.6,23.8,24.4,5.17,1007243,825,48562.33,0,0,0,
884,2001-01-22,10,KGHM,PLKGHM000017,24.6,24.6,23.6,23.8,-2.45,405370,486,19471.05,0,0,0,
885,2001-01-23,10,KGHM,PLKGHM000017,23.6,24.3,23.5,24.3,2.1,291743,363,13981.58,0,0,0,
886,2001-01-24,10,KGHM,PLKGHM000017,24.5,24.6,24.1,24.1,-0.82,158299,238,7686.06,0,0,0,
887,2001-01-25,10,KGHM,PLKGHM000017,24.1,24.2,23.9,24.1,0,191566,300,9238.51,0,0,0,
888,2001-01-26,10,KGHM,PLKGHM000017,23.9,24.7,23.9,24.7,2.48,511990,710,24942.72,0,0,0,
889,2001-01-29,10,KGHM,PLKGHM000017,24.8,25.6,24.6,25.5,3.23,168283,555,8483.57,0,0,0,
890,2001-01-30,10,KGHM,PLKGHM000017,25.8,26,25.5,25.5,0,329111,522,16908.48,0,0,0,
891,2001-01-31,10,KGHM,PLKGHM000017,25.4,25.4,24.8,25,-1.96,242049,359,12153.77,0,0,0,
892,2001-02-01,10,KGHM,PLKGHM000017,24.8,24.9,24.4,24.6,-1.6,323854,364,15938.97,0,0,0,
893,2001-02-02,10,KGHM,PLKGHM000017,24.7,25,24.6,25,1.62,130227,245,6465.63,0,0,0,
894,2001-02-05,10,KGHM,PLKGHM000017,24.9,25,24.2,24.6,-1.6,808778,517,39942.2,0,0,0,
895,2001-02-06,10,KGHM,PLKGHM000017,25,25,24.2,24.8,0.81,432068,499,21411.92,0,0,0,
896,2001-02-07,10,KGHM,PLKGHM000017,24.9,24.9,24.1,24.2,-2.41,341162,350,16716.48,0,0,0,
897,2001-02-08,10,KGHM,PLKGHM000017,24.1,24.5,24.1,24.2,0,267348,350,12952.7,0,0,0,
898,2001-02-09,10,KGHM,PLKGHM000017,24.3,24.5,24.2,24.2,0,113866,205,5555.55,0,0,0,
899,2001-02-12,10,KGHM,PLKGHM000017,23.7,24,23.6,23.9,-1.23,155447,329,7406.33,0,0,0,
900,2001-02-13,10,KGHM,PLKGHM000017,23.9,24.5,23.9,24.3,1.67,187785,252,9096.23,0,0,0,
901,2001-02-14,10,KGHM,PLKGHM000017,24,24.4,24,24.4,0.41,123923,188,6017.04,0,0,0,
902,2001-02-15,10,KGHM,PLKGHM000017,24.5,24.7,24.2,24.6,0.81,373115,345,18224.31,0,0,0,
903,2001-02-16,10,KGHM,PLKGHM000017,24.5,24.9,24,24.2,-1.62,255651,303,12507.56,0,0,0,
904,2001-02-19,10,KGHM,PLKGHM000017,24,24.3,23.9,24.1,-0.41,186782,260,8988.68,0,0,0,
905,2001-02-20,10,KGHM,PLKGHM000017,24.2,24.9,24,24,-0.41,230327,356,11261.83,0,0,0,
906,2001-02-21,10,KGHM,PLKGHM000017,24,24,23.3,24,0,326344,411,15479.38,0,0,0,
907,2001-02-22,10,KGHM,PLKGHM000017,23.1,23.8,22.6,23,-4.16,403291,516,18609.39,0,0,0,
908,2001-02-23,10,KGHM,PLKGHM000017,23.1,23.7,23,23,0,210455,380,9839.26,0,0,0,
909,2001-02-26,10,KGHM,PLKGHM000017,23.6,23.7,23.3,23.5,2.17,118650,217,5582.27,0,0,0,
910,2001-02-27,10,KGHM,PLKGHM000017,23.2,23.6,22.8,23,-2.12,192699,232,8915.81,0,0,0,
911,2001-02-28,10,KGHM,PLKGHM000017,22.4,23.2,22.4,23.1,0.43,242049,290,11037.74,0,0,0,
912,2001-03-01,10,KGHM,PLKGHM000017,22.9,22.9,22,22,-4.76,259414,289,11500.83,0,0,0,
913,2001-03-02,10,KGHM,PLKGHM000017,21.8,22.3,21.8,22,0,330813,433,14580.31,0,0,0,
914,2001-03-05,10,KGHM,PLKGHM000017,22.1,22.4,21.8,22.3,1.36,127234,244,5600.98,0,0,0,
915,2001-03-06,10,KGHM,PLKGHM000017,22.4,22.8,22.4,22.5,0.89,173538,308,7809.09,0,0,0,
916,2001-03-07,10,KGHM,PLKGHM000017,22.1,22.5,21.9,22.3,-0.88,254559,354,11265.89,0,0,0,
917,2001-03-08,10,KGHM,PLKGHM000017,22.4,22.4,22.1,22.1,-0.89,120092,278,5342.38,0,0,0,
918,2001-03-09,10,KGHM,PLKGHM000017,22.1,22.1,20.4,20.4,-7.69,209789,423,8890.32,0,0,0,
919,2001-03-12,10,KGHM,PLKGHM000017,19.85,19.9,18.45,18.65,-8.57,750168,1385,28590.83,0,0,0,
920,2001-03-13,10,KGHM,PLKGHM000017,18.4,19.35,18.4,19.15,2.68,452653,635,17041.66,0,0,0,
921,2001-03-14,10,KGHM,PLKGHM000017,19.4,19.5,18.6,18.95,-1.04,548697,643,20896.77,0,0,0,
922,2001-03-15,10,KGHM,PLKGHM000017,19.1,19.6,19.1,19.4,2.37,282452,371,10961.95,0,0,0,
923,2001-03-16,10,KGHM,PLKGHM000017,19.4,20.1,19.35,20.1,3.6,211224,394,8284.45,0,0,0,
924,2001-03-19,10,KGHM,PLKGHM000017,20.1,21,20.1,20.8,3.48,108547,289,4466.5,0,0,0,
925,2001-03-20,10,KGHM,PLKGHM000017,21.1,21.1,20.7,20.8,0,136944,301,5719,0,0,0,
926,2001-03-21,10,KGHM,PLKGHM000017,20.6,20.8,19.9,20.2,-2.88,360866,457,14742.58,0,0,0,
927,2001-03-22,10,KGHM,PLKGHM000017,20,20.3,19.4,19.4,-3.96,239396,404,9414.73,0,0,0,
928,2001-03-23,10,KGHM,PLKGHM000017,20.1,20.1,19.5,19.75,1.8,154894,380,6112.57,0,0,0,
929,2001-03-26,10,KGHM,PLKGHM000017,20.2,20.7,19.9,20.5,3.79,274195,474,11114.73,0,0,0,
930,2001-03-27,10,KGHM,PLKGHM000017,20.5,20.9,20.1,20.7,0.97,136897,309,5602.17,0,0,0,
931,2001-03-28,10,KGHM,PLKGHM000017,21,21.1,20.7,20.9,0.96,195801,214,8166.58,0,0,0,
932,2001-03-29,10,KGHM,PLKGHM000017,20.2,20.8,20.2,20.6,-1.43,158169,318,6493.6,0,0,0,
933,2001-03-30,10,KGHM,PLKGHM000017,20.5,20.7,20.5,20.7,0.48,79382,144,3273.19,0,0,0,
934,2001-04-02,10,KGHM,PLKGHM000017,20.4,20.7,20.1,20.4,-1.44,291922,234,11875.56,0,0,0,
935,2001-04-03,10,KGHM,PLKGHM000017,20.1,20.3,19.7,19.75,-3.18,135796,221,5377.97,0,0,0,
936,2001-04-04,10,KGHM,PLKGHM000017,19.4,19.75,19.3,19.7,-0.25,97234,191,3806.04,0,0,0,
937,2001-04-05,10,KGHM,PLKGHM000017,19.85,19.9,19.4,19.45,-1.26,179352,334,6998.1,0,0,0,
938,2001-04-06,10,KGHM,PLKGHM000017,19.5,19.5,19.05,19.35,-0.51,271790,384,10436.25,0,0,0,
939,2001-04-09,10,KGHM,PLKGHM000017,19.25,19.45,19.15,19.3,-0.25,111324,255,4280.23,0,0,0,
940,2001-04-10,10,KGHM,PLKGHM000017,19.3,19.95,19.25,19.4,0.51,244049,480,9479.39,0,0,0,
941,2001-04-11,10,KGHM,PLKGHM000017,19.35,19.55,19.3,19.35,-0.25,348824,1549,13589.49,0,0,0,
942,2001-04-12,10,KGHM,PLKGHM000017,19.4,19.4,19.15,19.2,-0.77,152193,335,5847.41,0,0,0,
943,2001-04-17,10,KGHM,PLKGHM000017,18.75,19,18.6,18.75,-2.34,67747,276,2546.26,0,0,0,
944,2001-04-18,10,KGHM,PLKGHM000017,19,19.45,18.95,19.4,3.46,362037,514,13939.54,0,0,0,
945,2001-04-19,10,KGHM,PLKGHM000017,20,20.5,19.9,20.3,4.63,844445,1055,34076.25,0,0,0,
946,2001-04-20,10,KGHM,PLKGHM000017,20.1,21,19.9,20.7,1.97,1080047,940,44132.04,0,0,0,
947,2001-04-23,10,KGHM,PLKGHM000017,20,20.5,19.95,20.1,-2.89,485738,751,19597.64,0,0,0,
948,2001-04-24,10,KGHM,PLKGHM000017,20.2,20.3,19.7,19.9,-0.99,400114,533,15942.99,0,0,0,
949,2001-04-25,10,KGHM,PLKGHM000017,19.8,20,19.65,19.95,0.25,309198,382,12257.57,0,0,0,
950,2001-04-26,10,KGHM,PLKGHM000017,20.1,20.2,19.95,19.95,0,205004,334,8215.01,0,0,0,
951,2001-04-27,10,KGHM,PLKGHM000017,20,20.4,19.85,20.3,1.75,356652,820,14276.91,0,0,0,
952,2001-04-30,10,KGHM,PLKGHM000017,20.4,20.7,20.2,20.2,-0.49,165675,341,6761.29,0,0,0,
953,2001-05-02,10,KGHM,PLKGHM000017,20.3,20.9,20.3,20.6,1.98,273039,275,11202.46,0,0,0,
954,2001-05-04,10,KGHM,PLKGHM000017,20.5,20.9,20.5,20.8,0.97,466186,436,19291.21,0,0,0,
955,2001-05-07,10,KGHM,PLKGHM000017,20.8,21.5,20.7,21,0.96,229828,423,9696.26,0,0,0,
956,2001-05-08,10,KGHM,PLKGHM000017,21,21,20.5,20.5,-2.38,122029,287,5051.87,0,0,0,
957,2001-05-09,10,KGHM,PLKGHM000017,20.3,20.5,20.1,20.5,0,149268,292,6070.61,0,0,0,
958,2001-05-10,10,KGHM,PLKGHM000017,20.4,21.3,20.4,21.1,2.92,391058,457,16467.86,0,0,0,
959,2001-05-11,10,KGHM,PLKGHM000017,21,21.9,21,21.6,2.36,696202,670,30247.94,0,0,0,
960,2001-05-14,10,KGHM,PLKGHM000017,21.4,22.4,21.4,22.4,3.7,273676,468,12020.26,0,0,0,
961,2001-05-15,10,KGHM,PLKGHM000017,22.2,22.4,21.7,21.7,-3.12,212042,437,9284.32,0,0,0,
962,2001-05-16,10,KGHM,PLKGHM000017,21.3,21.6,21.1,21.4,-1.38,192584,265,8260.25,0,0,0,
963,2001-05-17,10,KGHM,PLKGHM000017,22.2,22.2,21.5,21.6,0.93,369988,341,16215.61,0,0,0,
964,2001-05-18,10,KGHM,PLKGHM000017,21.3,21.8,21.3,21.6,0,204127,274,8787.02,0,0,0,
965,2001-05-21,10,KGHM,PLKGHM000017,21.6,22.8,21.6,22.8,5.55,391767,583,17664.91,0,0,0,
966,2001-05-22,10,KGHM,PLKGHM000017,22.9,23.3,22.9,23,0.87,277619,344,12803.83,0,0,0,
967,2001-05-23,10,KGHM,PLKGHM000017,22.8,23.1,22.7,22.8,-0.86,356496,482,16279.07,0,0,0,
968,2001-05-24,10,KGHM,PLKGHM000017,22.7,22.7,21.9,22.5,-1.31,318875,478,14232.38,0,0,0,
969,2001-05-25,10,KGHM,PLKGHM000017,22.4,22.5,22.3,22.5,0,126730,208,5689.12,0,0,0,
970,2001-05-28,10,KGHM,PLKGHM000017,22.2,23,22.2,23,2.22,132891,239,6050.56,0,0,0,
971,2001-05-29,10,KGHM,PLKGHM000017,23.2,23.3,22.9,23.3,1.3,236325,470,10938.41,0,0,0,
972,2001-05-30,10,KGHM,PLKGHM000017,23,23,22.4,22.4,-3.86,244225,676,11040.25,0,0,0,
973,2001-05-31,10,KGHM,PLKGHM000017,22,22.8,22,22.7,1.33,304352,411,13749.46,0,0,0,
974,2001-06-01,10,KGHM,PLKGHM000017,22.7,22.7,22.2,22.3,-1.76,270223,306,12111.8,0,0,0,
975,2001-06-04,10,KGHM,PLKGHM000017,22.2,22.3,21.4,21.5,-3.58,93926,196,4088.41,0,0,0,
976,2001-06-05,10,KGHM,PLKGHM000017,21.3,22,21.3,22,2.32,241737,239,10528.58,0,0,0,
977,2001-06-06,10,KGHM,PLKGHM000017,21.9,21.9,20.7,20.8,-5.45,446744,512,18866.71,0,0,0,
978,2001-06-07,10,KGHM,PLKGHM000017,20.4,20.5,19.8,19.95,-4.08,392163,505,15717.52,0,0,0,
979,2001-06-08,10,KGHM,PLKGHM000017,20,20.5,19.55,19.65,-1.5,206634,345,8274.82,0,0,0,
980,2001-06-11,10,KGHM,PLKGHM000017,19.3,19.65,19.15,19.4,-1.27,240110,370,9297.07,0,0,0,
981,2001-06-12,10,KGHM,PLKGHM000017,19.3,19.8,18.9,19.1,-1.54,465963,1643,18047.93,0,0,0,
982,2001-06-13,10,KGHM,PLKGHM000017,19.75,19.75,18.95,19.2,0.52,275285,347,10625.81,0,0,0,
983,2001-06-15,10,KGHM,PLKGHM000017,18.9,18.95,18.2,18.35,-4.42,452368,629,16810.96,0,0,0,
984,2001-06-18,10,KGHM,PLKGHM000017,18.3,18.55,18.1,18.4,0.27,506662,556,18600.23,0,0,0,
985,2001-06-19,10,KGHM,PLKGHM000017,18.5,18.5,17.55,18,-2.17,336674,494,12133.24,0,0,0,
986,2001-06-20,10,KGHM,PLKGHM000017,17.5,17.8,17.25,17.3,-3.89,246873,491,8598.93,0,0,0,
987,2001-06-21,10,KGHM,PLKGHM000017,17.3,17.9,17.3,17.9,3.47,158074,267,5629.13,0,0,0,
988,2001-06-22,10,KGHM,PLKGHM000017,18,18.15,17.7,17.8,-0.56,87581,220,3141.4,0,0,0,
989,2001-06-25,10,KGHM,PLKGHM000017,17.6,18.05,17.6,17.95,0.84,261312,348,9400.95,0,0,0,
990,2001-06-26,10,KGHM,PLKGHM000017,18,18,17.35,17.35,-3.34,172903,326,6088.5,0,0,0,
991,2001-06-27,10,KGHM,PLKGHM000017,17.7,17.7,17.1,17.1,-1.44,184327,395,6417.42,0,0,0,
992,2001-06-28,10,KGHM,PLKGHM000017,17,17.2,16.7,17,-0.58,78023,246,2651.79,0,0,0,
993,2001-06-29,10,KGHM,PLKGHM000017,17.25,17.4,16.7,16.75,-1.47,79797,247,2717.67,0,0,0,
994,2001-07-02,10,KGHM,PLKGHM000017,16.6,16.85,16.3,16.5,-1.49,72254,198,2388.49,0,0,0,
995,2001-07-03,10,KGHM,PLKGHM000017,16.5,16.6,16.25,16.35,-0.91,147434,679,4850.09,0,0,0,
996,2001-07-04,10,KGHM,PLKGHM000017,16.4,16.75,16.35,16.5,0.92,378153,499,12484.71,0,0,0,
997,2001-07-05,10,KGHM,PLKGHM000017,16.55,17.15,16.5,17.05,3.33,230584,376,7752.54,0,0,0,
998,2001-07-06,10,KGHM,PLKGHM000017,17.1,18.2,17.1,18.2,6.74,637014,747,22726.3,0,0,0,
999,2001-07-09,10,KGHM,PLKGHM000017,18.3,18.45,17.2,18.25,0.27,548766,642,19908.29,0,0,0,
